10,0,"",1682586744,97,"detected","attack","5G Http2 DoS attack Recognition",{"event_1":{"timestamp":1682586200.857094,"counter":4,"attributes":[["http2.header_length",28557343]]},"event_2":{"timestamp":1682586200.857094,"counter":4,"attributes":[["http2.header_method",50]]}}
10,0,"",1682586744,97,"detected","attack","5G Http2 DoS attack Recognition",{"event_1":{"timestamp":1682586200.857098,"counter":5,"attributes":[["http2.header_length",3087007844]]},"event_2":{"timestamp":1682586200.857098,"counter":5,"attributes":[["http2.header_method",80]]}}
10,0,"",1682586744,97,"detected","attack","5G Http2 DoS attack Recognition",{"event_1":{"timestamp":1682586200.930535,"counter":12,"attributes":[["http2.header_length",33554497]]},"event_2":{"timestamp":1682586200.930535,"counter":12,"attributes":[["http2.header_method",131]]}}
10,0,"",1682586744,97,"detected","attack","5G Http2 DoS attack Recognition",{"event_1":{"timestamp":1682586200.930565,"counter":13,"attributes":[["http2.header_length",3523215425]]},"event_2":{"timestamp":1682586200.930565,"counter":13,"attributes":[["http2.header_method",131]]}}
10,0,"",1682586744,97,"detected","attack","5G Http2 DoS attack Recognition",{"event_1":{"timestamp":1682586200.930706,"counter":14,"attributes":[["http2.header_length",3523215425]]},"event_2":{"timestamp":1682586200.930706,"counter":14,"attributes":[["http2.header_method",131]]}}
10,0,"",1682586744,97,"detected","attack","5G Http2 DoS attack Recognition",{"event_1":{"timestamp":1682586200.930678,"counter":15,"attributes":[["http2.header_length",419430512]]},"event_2":{"timestamp":1682586200.930678,"counter":15,"attributes":[["http2.header_method",225]]}}
10,0,"",1682586744,97,"detected","attack","5G Http2 DoS attack Recognition",{"event_1":{"timestamp":1682586200.930716,"counter":16,"attributes":[["http2.header_length",3523215425]]},"event_2":{"timestamp":1682586200.930716,"counter":16,"attributes":[["http2.header_method",131]]}}
10,0,"",1682586744,97,"detected","attack","5G Http2 DoS attack Recognition",{"event_1":{"timestamp":1682586200.930719,"counter":17,"attributes":[["http2.header_length",3523215425]]},"event_2":{"timestamp":1682586200.930719,"counter":17,"attributes":[["http2.header_method",131]]}}
10,0,"",1682586744,97,"detected","attack","5G Http2 DoS attack Recognition",{"event_1":{"timestamp":1682586200.930721,"counter":18,"attributes":[["http2.header_length",3523215425]]},"event_2":{"timestamp":1682586200.930721,"counter":18,"attributes":[["http2.header_method",131]]}}
10,0,"",1682586744,97,"detected","attack","5G Http2 DoS attack Recognition",{"event_1":{"timestamp":1682586200.930723,"counter":19,"attributes":[["http2.header_length",3523215425]]},"event_2":{"timestamp":1682586200.930723,"counter":19,"attributes":[["http2.header_method",131]]}}
10,0,"",1682586744,97,"detected","attack","5G Http2 DoS attack Recognition",{"event_1":{"timestamp":1682586200.930726,"counter":20,"attributes":[["http2.header_length",3523215425]]},"event_2":{"timestamp":1682586200.930726,"counter":20,"attributes":[["http2.header_method",131]]}}
10,0,"",1682586744,97,"detected","attack","5G Http2 DoS attack Recognition",{"event_1":{"timestamp":1682586200.930728,"counter":21,"attributes":[["http2.header_length",3523215425]]},"event_2":{"timestamp":1682586200.930728,"counter":21,"attributes":[["http2.header_method",131]]}}
10,0,"",1682586744,97,"detected","attack","5G Http2 DoS attack Recognition",{"event_1":{"timestamp":1682586200.930731,"counter":22,"attributes":[["http2.header_length",3523215425]]},"event_2":{"timestamp":1682586200.930731,"counter":22,"attributes":[["http2.header_method",131]]}}
10,0,"",1682586744,97,"detected","attack","5G Http2 DoS attack Recognition",{"event_1":{"timestamp":1682586200.930733,"counter":23,"attributes":[["http2.header_length",4261412964]]},"event_2":{"timestamp":1682586200.930733,"counter":23,"attributes":[["http2.header_method",131]]}}
10,0,"",1682586744,97,"detected","attack","5G Http2 DoS attack Recognition",{"event_1":{"timestamp":1682586200.930736,"counter":24,"attributes":[["http2.header_length",419430512]]},"event_2":{"timestamp":1682586200.930736,"counter":24,"attributes":[["http2.header_method",225]]}}
10,0,"",1682586744,97,"detected","attack","5G Http2 DoS attack Recognition",{"event_1":{"timestamp":1682586200.930739,"counter":25,"attributes":[["http2.header_length",419430512]]},"event_2":{"timestamp":1682586200.930739,"counter":25,"attributes":[["http2.header_method",225]]}}
10,0,"",1682586744,97,"detected","attack","5G Http2 DoS attack Recognition",{"event_1":{"timestamp":1682586200.930740,"counter":26,"attributes":[["http2.header_length",419430512]]},"event_2":{"timestamp":1682586200.930740,"counter":26,"attributes":[["http2.header_method",225]]}}
10,0,"",1682586744,97,"detected","attack","5G Http2 DoS attack Recognition",{"event_1":{"timestamp":1682586200.930741,"counter":27,"attributes":[["http2.header_length",419430512]]},"event_2":{"timestamp":1682586200.930741,"counter":27,"attributes":[["http2.header_method",225]]}}
10,0,"",1682586744,97,"detected","attack","5G Http2 DoS attack Recognition",{"event_1":{"timestamp":1682586200.930742,"counter":28,"attributes":[["http2.header_length",419430512]]},"event_2":{"timestamp":1682586200.930742,"counter":28,"attributes":[["http2.header_method",225]]}}
10,0,"",1682586744,97,"detected","attack","5G Http2 DoS attack Recognition",{"event_1":{"timestamp":1682586200.930743,"counter":29,"attributes":[["http2.header_length",419430512]]},"event_2":{"timestamp":1682586200.930743,"counter":29,"attributes":[["http2.header_method",225]]}}
10,0,"",1682586744,97,"detected","attack","5G Http2 DoS attack Recognition",{"event_1":{"timestamp":1682586200.930744,"counter":30,"attributes":[["http2.header_length",419430512]]},"event_2":{"timestamp":1682586200.930744,"counter":30,"attributes":[["http2.header_method",225]]}}
10,0,"",1682586744,96,"detected","attack","5G Http2 DoS attack Recognition",{"event_1":{"timestamp":1682586200.930721,"counter":18,"attributes":[["http2.type",1],["http2.header_method",131]]},"event_2":{"timestamp":1682586200.930745,"counter":31,"attributes":[["meta.utime","X:Jd"]]}}
10,0,"",1682586744,97,"detected","attack","5G Http2 DoS attack Recognition",{"event_1":{"timestamp":1682586200.930745,"counter":31,"attributes":[["http2.header_length",4261412964]]},"event_2":{"timestamp":1682586200.930745,"counter":31,"attributes":[["http2.header_method",255]]}}
10,0,"",1682586744,96,"detected","attack","5G Http2 DoS attack Recognition",{"event_1":{"timestamp":1682586200.930733,"counter":23,"attributes":[["http2.type",0],["http2.header_method",131]]},"event_2":{"timestamp":1682586200.930762,"counter":32,"attributes":[["meta.utime","X:Jd"]]}}
10,0,"",1682586744,97,"detected","attack","5G Http2 DoS attack Recognition",{"event_1":{"timestamp":1682586200.930762,"counter":32,"attributes":[["http2.header_length",41121123]]},"event_2":{"timestamp":1682586200.930762,"counter":32,"attributes":[["http2.header_method",48]]}}
10,0,"",1682586744,96,"detected","attack","5G Http2 DoS attack Recognition",{"event_1":{"timestamp":1682586200.930731,"counter":22,"attributes":[["http2.type",1],["http2.header_method",131]]},"event_2":{"timestamp":1682586200.930769,"counter":33,"attributes":[["meta.utime","X:Jd"]]}}
10,0,"",1682586744,97,"detected","attack","5G Http2 DoS attack Recognition",{"event_1":{"timestamp":1682586200.930769,"counter":33,"attributes":[["http2.header_length",33554532]]},"event_2":{"timestamp":1682586200.930769,"counter":33,"attributes":[["http2.header_method",48]]}}
10,0,"",1682586744,97,"detected","attack","5G Http2 DoS attack Recognition",{"event_1":{"timestamp":1682586201.154636,"counter":34,"attributes":[["http2.header_length",38094384]]},"event_2":{"timestamp":1682586201.154636,"counter":34,"attributes":[["http2.header_method",55]]}}
10,0,"",1682586744,97,"detected","attack","5G Http2 DoS attack Recognition",{"event_1":{"timestamp":1682586201.154658,"counter":35,"attributes":[["http2.header_length",3707764836]]},"event_2":{"timestamp":1682586201.154658,"counter":35,"attributes":[["http2.header_method",55]]}}
10,0,"",1682586744,97,"detected","attack","5G Http2 DoS attack Recognition",{"event_1":{"timestamp":1682586201.212717,"counter":36,"attributes":[["http2.header_length",3707764764]]},"event_2":{"timestamp":1682586201.212717,"counter":36,"attributes":[["http2.header_method",63]]}}
10,0,"",1682586744,97,"detected","attack","5G Http2 DoS attack Recognition",{"event_1":{"timestamp":1682586201.212813,"counter":37,"attributes":[["http2.header_length",3709889633]]},"event_2":{"timestamp":1682586201.212813,"counter":37,"attributes":[["http2.header_method",60]]}}
10,0,"",1682586744,97,"detected","attack","5G Http2 DoS attack Recognition",{"event_1":{"timestamp":1682586201.214486,"counter":38,"attributes":[["http2.header_length",3709889633]]},"event_2":{"timestamp":1682586201.214486,"counter":38,"attributes":[["http2.header_method",60]]}}
10,0,"",1682586744,97,"detected","attack","5G Http2 DoS attack Recognition",{"event_1":{"timestamp":1682586201.214494,"counter":39,"attributes":[["http2.header_length",4127195248]]},"event_2":{"timestamp":1682586201.214494,"counter":39,"attributes":[["http2.header_method",109]]}}
10,0,"",1682586744,97,"detected","attack","5G Http2 DoS attack Recognition",{"event_1":{"timestamp":1682586201.215990,"counter":40,"attributes":[["http2.header_length",503316580]]},"event_2":{"timestamp":1682586201.215990,"counter":40,"attributes":[["http2.header_method",51]]}}
10,0,"",1682586744,97,"detected","attack","5G Http2 DoS attack Recognition",{"event_1":{"timestamp":1682586201.216020,"counter":41,"attributes":[["http2.header_length",523055666]]},"event_2":{"timestamp":1682586201.216020,"counter":41,"attributes":[["http2.header_method",48]]}}
10,0,"",1682586744,97,"detected","attack","5G Http2 DoS attack Recognition",{"event_1":{"timestamp":1682586201.216029,"counter":42,"attributes":[["http2.header_length",531381075]]},"event_2":{"timestamp":1682586201.216029,"counter":42,"attributes":[["http2.header_method",245]]}}
10,0,"",1682586744,97,"detected","attack","5G Http2 DoS attack Recognition",{"event_1":{"timestamp":1682586201.216041,"counter":43,"attributes":[["http2.header_length",520093796]]},"event_2":{"timestamp":1682586201.216041,"counter":43,"attributes":[["http2.header_method",245]]}}
10,0,"",1682586744,97,"detected","attack","5G Http2 DoS attack Recognition",{"event_1":{"timestamp":1682586201.216148,"counter":44,"attributes":[["http2.header_length",523448369]]},"event_2":{"timestamp":1682586201.216148,"counter":44,"attributes":[["http2.header_method",48]]}}
10,0,"",1682586744,97,"detected","attack","5G Http2 DoS attack Recognition",{"event_1":{"timestamp":1682586201.216216,"counter":45,"attributes":[["http2.header_length",527329102]]},"event_2":{"timestamp":1682586201.216216,"counter":45,"attributes":[["http2.header_method",78]]}}
10,0,"",1682586744,97,"detected","attack","5G Http2 DoS attack Recognition",{"event_1":{"timestamp":1682586201.216225,"counter":46,"attributes":[["http2.header_length",520339551]]},"event_2":{"timestamp":1682586201.216225,"counter":46,"attributes":[["http2.header_method",38]]}}
10,0,"",1682586744,97,"detected","attack","5G Http2 DoS attack Recognition",{"event_1":{"timestamp":1682586201.216234,"counter":47,"attributes":[["http2.header_length",523778369]]},"event_2":{"timestamp":1682586201.216234,"counter":47,"attributes":[["http2.header_method",68]]}}
10,0,"",1682586744,97,"detected","attack","5G Http2 DoS attack Recognition",{"event_1":{"timestamp":1682586201.236150,"counter":48,"attributes":[["http2.header_length",520093796]]},"event_2":{"timestamp":1682586201.236150,"counter":48,"attributes":[["http2.header_method",68]]}}
10,0,"",1682586744,97,"detected","attack","5G Http2 DoS attack Recognition",{"event_1":{"timestamp":1682586201.236287,"counter":49,"attributes":[["http2.header_length",858926701]]},"event_2":{"timestamp":1682586201.236287,"counter":49,"attributes":[["http2.header_method",51]]}}
10,0,"",1682586744,97,"detected","attack","5G Http2 DoS attack Recognition",{"event_1":{"timestamp":1682586201.236297,"counter":50,"attributes":[["http2.header_length",862807552]]},"event_2":{"timestamp":1682586201.236297,"counter":50,"attributes":[["http2.header_method",8]]}}
10,0,"",1682586744,97,"detected","attack","5G Http2 DoS attack Recognition",{"event_1":{"timestamp":1682586201.236306,"counter":51,"attributes":[["http2.header_length",860046401]]},"event_2":{"timestamp":1682586201.236306,"counter":51,"attributes":[["http2.header_method",49]]}}
10,0,"",1682586744,97,"detected","attack","5G Http2 DoS attack Recognition",{"event_1":{"timestamp":1682586201.236314,"counter":52,"attributes":[["http2.header_length",857898240]]},"event_2":{"timestamp":1682586201.236314,"counter":52,"attributes":[["http2.header_method",10]]}}
10,0,"",1682586744,97,"detected","attack","5G Http2 DoS attack Recognition",{"event_1":{"timestamp":1682586201.236377,"counter":53,"attributes":[["http2.header_length",859447923]]},"event_2":{"timestamp":1682586201.236377,"counter":53,"attributes":[["http2.header_method",52]]}}
10,0,"",1682586744,97,"detected","attack","5G Http2 DoS attack Recognition",{"event_1":{"timestamp":1682586201.243581,"counter":54,"attributes":[["http2.header_length",520093796]]},"event_2":{"timestamp":1682586201.243581,"counter":54,"attributes":[["http2.header_method",52]]}}
10,0,"",1682586744,97,"detected","attack","5G Http2 DoS attack Recognition",{"event_1":{"timestamp":1682586201.243688,"counter":55,"attributes":[["http2.header_length",994264133]]},"event_2":{"timestamp":1682586201.243688,"counter":55,"attributes":[["http2.header_method",53]]}}
10,0,"",1682586744,97,"detected","attack","5G Http2 DoS attack Recognition",{"event_1":{"timestamp":1682586201.243699,"counter":56,"attributes":[["http2.header_length",996332204]]},"event_2":{"timestamp":1682586201.243699,"counter":56,"attributes":[["http2.header_method",52]]}}
10,0,"",1682586744,97,"detected","attack","5G Http2 DoS attack Recognition",{"event_1":{"timestamp":1682586201.243741,"counter":57,"attributes":[["http2.header_length",993144115]]},"event_2":{"timestamp":1682586201.243741,"counter":57,"attributes":[["http2.header_method",49]]}}
10,0,"",1682586744,97,"detected","attack","5G Http2 DoS attack Recognition",{"event_1":{"timestamp":1682586201.243750,"counter":58,"attributes":[["http2.header_length",997615982]]},"event_2":{"timestamp":1682586201.243750,"counter":58,"attributes":[["http2.header_method",114]]}}
10,0,"",1682586744,97,"detected","attack","5G Http2 DoS attack Recognition",{"event_1":{"timestamp":1682586201.243759,"counter":59,"attributes":[["http2.header_length",995565059]]},"event_2":{"timestamp":1682586201.243759,"counter":59,"attributes":[["http2.header_method",98]]}}
10,0,"",1682586744,97,"detected","attack","5G Http2 DoS attack Recognition",{"event_1":{"timestamp":1682586201.243774,"counter":60,"attributes":[["http2.header_length",520093796]]},"event_2":{"timestamp":1682586201.243774,"counter":60,"attributes":[["http2.header_method",98]]}}
10,0,"",1682586744,97,"detected","attack","5G Http2 DoS attack Recognition",{"event_1":{"timestamp":1682586201.243833,"counter":61,"attributes":[["http2.header_length",993408824]]},"event_2":{"timestamp":1682586201.243833,"counter":61,"attributes":[["http2.header_method",66]]}}
10,0,"",1682586744,97,"detected","attack","5G Http2 DoS attack Recognition",{"event_1":{"timestamp":1682586201.243844,"counter":62,"attributes":[["http2.header_length",993013810]]},"event_2":{"timestamp":1682586201.243844,"counter":62,"attributes":[["http2.header_method",48]]}}
10,0,"",1682586744,97,"detected","attack","5G Http2 DoS attack Recognition",{"event_1":{"timestamp":1682586201.243861,"counter":64,"attributes":[["http2.header_length",994132547]]},"event_2":{"timestamp":1682586201.243861,"counter":64,"attributes":[["http2.header_method",70]]}}
10,0,"",1682586744,97,"detected","attack","5G Http2 DoS attack Recognition",{"event_1":{"timestamp":1682586201.243949,"counter":67,"attributes":[["http2.header_length",996745786]]},"event_2":{"timestamp":1682586201.243949,"counter":67,"attributes":[["http2.header_method",48]]}}
10,0,"",1682586744,97,"detected","attack","5G Http2 DoS attack Recognition",{"event_1":{"timestamp":1682586201.243958,"counter":68,"attributes":[["http2.header_length",994132547]]},"event_2":{"timestamp":1682586201.243958,"counter":68,"attributes":[["http2.header_method",51]]}}
10,0,"",1682586744,97,"detected","attack","5G Http2 DoS attack Recognition",{"event_1":{"timestamp":1682586201.244050,"counter":69,"attributes":[["http2.header_length",999219554]]},"event_2":{"timestamp":1682586201.244050,"counter":69,"attributes":[["http2.header_method",73]]}}
10,0,"",1682586744,97,"detected","attack","5G Http2 DoS attack Recognition",{"event_1":{"timestamp":1682586201.244090,"counter":70,"attributes":[["http2.header_length",992817714]]},"event_2":{"timestamp":1682586201.244090,"counter":70,"attributes":[["http2.header_method",48]]}}
10,0,"",1682586744,97,"detected","attack","5G Http2 DoS attack Recognition",{"event_1":{"timestamp":1682586201.244098,"counter":71,"attributes":[["http2.header_length",996504182]]},"event_2":{"timestamp":1682586201.244098,"counter":71,"attributes":[["http2.header_method",119]]}}
10,0,"",1682586744,97,"detected","attack","5G Http2 DoS attack Recognition",{"event_1":{"timestamp":1682586201.244110,"counter":72,"attributes":[["http2.header_length",520093796]]},"event_2":{"timestamp":1682586201.244110,"counter":72,"attributes":[["http2.header_method",119]]}}
10,0,"",1682586744,97,"detected","attack","5G Http2 DoS attack Recognition",{"event_1":{"timestamp":1682586201.244144,"counter":73,"attributes":[["http2.header_length",1005291607]]},"event_2":{"timestamp":1682586201.244144,"counter":73,"attributes":[["http2.header_method",117]]}}
10,0,"",1682586744,97,"detected","attack","5G Http2 DoS attack Recognition",{"event_1":{"timestamp":1682586201.244151,"counter":74,"attributes":[["http2.header_length",993277238]]},"event_2":{"timestamp":1682586201.244151,"counter":74,"attributes":[["http2.header_method",68]]}}
10,0,"",1682586744,97,"detected","attack","5G Http2 DoS attack Recognition",{"event_1":{"timestamp":1682586201.244191,"counter":75,"attributes":[["http2.header_length",997090096]]},"event_2":{"timestamp":1682586201.244191,"counter":75,"attributes":[["http2.header_method",52]]}}
10,0,"",1682586744,97,"detected","attack","5G Http2 DoS attack Recognition",{"event_1":{"timestamp":1682586201.244200,"counter":76,"attributes":[["http2.header_length",855638116]]},"event_2":{"timestamp":1682586201.244200,"counter":76,"attributes":[["http2.header_method",52]]}}
10,0,"",1682586744,97,"detected","attack","5G Http2 DoS attack Recognition",{"event_1":{"timestamp":1682586201.269075,"counter":78,"attributes":[["http2.header_length",855638018]]},"event_2":{"timestamp":1682586201.269075,"counter":78,"attributes":[["http2.header_method",136]]}}
10,0,"",1682586744,97,"detected","attack","5G Http2 DoS attack Recognition",{"event_1":{"timestamp":1682586201.269887,"counter":79,"attributes":[["http2.header_length",1412970817]]},"event_2":{"timestamp":1682586201.269887,"counter":79,"attributes":[["http2.header_method",68]]}}
10,0,"",1682586744,97,"detected","attack","5G Http2 DoS attack Recognition",{"event_1":{"timestamp":1682586201.270055,"counter":80,"attributes":[["http2.header_length",1412329330]]},"event_2":{"timestamp":1682586201.270055,"counter":80,"attributes":[["http2.header_method",1]]}}
10,0,"",1682586744,97,"detected","attack","5G Http2 DoS attack Recognition",{"event_1":{"timestamp":1682586201.270063,"counter":81,"attributes":[["http2.header_length",1416979305]]},"event_2":{"timestamp":1682586201.270063,"counter":81,"attributes":[["http2.header_method",105]]}}
10,0,"",1682586744,97,"detected","attack","5G Http2 DoS attack Recognition",{"event_1":{"timestamp":1682586201.270071,"counter":82,"attributes":[["http2.header_length",1413694529]]},"event_2":{"timestamp":1682586201.270071,"counter":82,"attributes":[["http2.header_method",49]]}}
10,0,"",1682586744,97,"detected","attack","5G Http2 DoS attack Recognition",{"event_1":{"timestamp":1682586201.270216,"counter":83,"attributes":[["http2.header_length",1420402062]]},"event_2":{"timestamp":1682586201.270216,"counter":83,"attributes":[["http2.header_method",57]]}}
10,0,"",1682586744,97,"detected","attack","5G Http2 DoS attack Recognition",{"event_1":{"timestamp":1682586201.270255,"counter":84,"attributes":[["http2.header_length",1412247853]]},"event_2":{"timestamp":1682586201.270255,"counter":84,"attributes":[["http2.header_method",48]]}}
10,0,"",1682586744,97,"detected","attack","5G Http2 DoS attack Recognition",{"event_1":{"timestamp":1682586201.270264,"counter":85,"attributes":[["http2.header_length",1411543909]]},"event_2":{"timestamp":1682586201.270264,"counter":85,"attributes":[["http2.header_method",101]]}}
10,0,"",1682586744,97,"detected","attack","5G Http2 DoS attack Recognition",{"event_1":{"timestamp":1682586201.270271,"counter":86,"attributes":[["http2.header_length",1412357099]]},"event_2":{"timestamp":1682586201.270271,"counter":86,"attributes":[["http2.header_method",139]]}}
10,0,"",1682586744,97,"detected","attack","5G Http2 DoS attack Recognition",{"event_1":{"timestamp":1682586201.270279,"counter":87,"attributes":[["http2.header_length",1412576052]]},"event_2":{"timestamp":1682586201.270279,"counter":87,"attributes":[["http2.header_method",66]]}}
10,0,"",1682586744,97,"detected","attack","5G Http2 DoS attack Recognition",{"event_1":{"timestamp":1682586201.270287,"counter":88,"attributes":[["http2.header_length",1413115246]]},"event_2":{"timestamp":1682586201.270287,"counter":88,"attributes":[["http2.header_method",99]]}}
10,0,"",1682586744,97,"detected","attack","5G Http2 DoS attack Recognition",{"event_1":{"timestamp":1682586201.270537,"counter":90,"attributes":[["http2.header_length",1412839224]]},"event_2":{"timestamp":1682586201.270537,"counter":90,"attributes":[["http2.header_method",66]]}}
10,0,"",1682586744,97,"detected","attack","5G Http2 DoS attack Recognition",{"event_1":{"timestamp":1682586201.270551,"counter":92,"attributes":[["http2.header_length",1416778613]]},"event_2":{"timestamp":1682586201.270551,"counter":92,"attributes":[["http2.header_method",117]]}}
10,0,"",1682586744,97,"detected","attack","5G Http2 DoS attack Recognition",{"event_1":{"timestamp":1682586201.270558,"counter":93,"attributes":[["http2.header_length",1413562947]]},"event_2":{"timestamp":1682586201.270558,"counter":93,"attributes":[["http2.header_method",70]]}}
10,0,"",1682586744,97,"detected","attack","5G Http2 DoS attack Recognition",{"event_1":{"timestamp":1682586201.270566,"counter":94,"attributes":[["http2.header_length",1414929833]]},"event_2":{"timestamp":1682586201.270566,"counter":94,"attributes":[["http2.header_method",59]]}}
10,0,"",1682586744,97,"detected","attack","5G Http2 DoS attack Recognition",{"event_1":{"timestamp":1682586201.270573,"counter":95,"attributes":[["http2.header_length",1412641837]]},"event_2":{"timestamp":1682586201.270573,"counter":95,"attributes":[["http2.header_method",48]]}}
10,0,"",1682586744,97,"detected","attack","5G Http2 DoS attack Recognition",{"event_1":{"timestamp":1682586201.270580,"counter":96,"attributes":[["http2.header_length",1411525666]]},"event_2":{"timestamp":1682586201.270580,"counter":96,"attributes":[["http2.header_method",103]]}}
10,0,"",1682586744,97,"detected","attack","5G Http2 DoS attack Recognition",{"event_1":{"timestamp":1682586201.270587,"counter":97,"attributes":[["http2.header_length",1415327278]]},"event_2":{"timestamp":1682586201.270587,"counter":97,"attributes":[["http2.header_method",192]]}}
10,0,"",1682586744,97,"detected","attack","5G Http2 DoS attack Recognition",{"event_1":{"timestamp":1682586201.270593,"counter":98,"attributes":[["http2.header_length",1412444466]]},"event_2":{"timestamp":1682586201.270593,"counter":98,"attributes":[["http2.header_method",57]]}}
10,0,"",1682586744,97,"detected","attack","5G Http2 DoS attack Recognition",{"event_1":{"timestamp":1682586201.270600,"counter":99,"attributes":[["http2.header_length",1412777786]]},"event_2":{"timestamp":1682586201.270600,"counter":99,"attributes":[["http2.header_method",46]]}}
10,0,"",1682586744,97,"detected","attack","5G Http2 DoS attack Recognition",{"event_1":{"timestamp":1682586201.270607,"counter":100,"attributes":[["http2.header_length",1410138929]]},"event_2":{"timestamp":1682586201.270607,"counter":100,"attributes":[["http2.header_method",102]]}}
10,0,"",1682586744,97,"detected","attack","5G Http2 DoS attack Recognition",{"event_1":{"timestamp":1682586201.270614,"counter":101,"attributes":[["http2.header_length",1412707638]]},"event_2":{"timestamp":1682586201.270614,"counter":101,"attributes":[["http2.header_method",68]]}}
10,0,"",1682586744,97,"detected","attack","5G Http2 DoS attack Recognition",{"event_1":{"timestamp":1682586201.270621,"counter":102,"attributes":[["http2.header_length",1417113458]]},"event_2":{"timestamp":1682586201.270621,"counter":102,"attributes":[["http2.header_method",125]]}}
10,0,"",1682586744,97,"detected","attack","5G Http2 DoS attack Recognition",{"event_1":{"timestamp":1682586201.299176,"counter":103,"attributes":[["http2.header_length",1409286244]]},"event_2":{"timestamp":1682586201.299176,"counter":103,"attributes":[["http2.header_method",125]]}}
10,0,"",1682586744,97,"detected","attack","5G Http2 DoS attack Recognition",{"event_1":{"timestamp":1682586201.299637,"counter":104,"attributes":[["http2.header_length",1919504242]]},"event_2":{"timestamp":1682586201.299637,"counter":104,"attributes":[["http2.header_method",34]]}}
10,0,"",1682586744,97,"detected","attack","5G Http2 DoS attack Recognition",{"event_1":{"timestamp":1682586201.299648,"counter":105,"attributes":[["http2.header_length",1916287297]]},"event_2":{"timestamp":1682586201.299648,"counter":105,"attributes":[["http2.header_method",68]]}}
10,0,"",1682586744,97,"detected","attack","5G Http2 DoS attack Recognition",{"event_1":{"timestamp":1682586201.299657,"counter":106,"attributes":[["http2.header_length",1926924630]]},"event_2":{"timestamp":1682586201.299657,"counter":106,"attributes":[["http2.header_method",210]]}}
10,0,"",1682586744,97,"detected","attack","5G Http2 DoS attack Recognition",{"event_1":{"timestamp":1682586201.299666,"counter":107,"attributes":[["http2.header_length",1915826739]]},"event_2":{"timestamp":1682586201.299666,"counter":107,"attributes":[["http2.header_method",45]]}}
10,0,"",1682586744,97,"detected","attack","5G Http2 DoS attack Recognition",{"event_1":{"timestamp":1682586201.299728,"counter":108,"attributes":[["http2.header_length",1915827746]]},"event_2":{"timestamp":1682586201.299728,"counter":108,"attributes":[["http2.header_method",105]]}}
10,0,"",1682586744,97,"detected","attack","5G Http2 DoS attack Recognition",{"event_1":{"timestamp":1682586201.299737,"counter":109,"attributes":[["http2.header_length",1913365084]]},"event_2":{"timestamp":1682586201.299737,"counter":109,"attributes":[["http2.header_method",30]]}}
10,0,"",1682586744,97,"detected","attack","5G Http2 DoS attack Recognition",{"event_1":{"timestamp":1682586201.299776,"counter":110,"attributes":[["http2.header_length",1917142576]]},"event_2":{"timestamp":1682586201.299776,"counter":110,"attributes":[["http2.header_method",55]]}}
10,0,"",1682586744,97,"detected","attack","5G Http2 DoS attack Recognition",{"event_1":{"timestamp":1682586201.299784,"counter":111,"attributes":[["http2.header_length",1916412469]]},"event_2":{"timestamp":1682586201.299784,"counter":111,"attributes":[["http2.header_method",48]]}}
10,0,"",1682586744,97,"detected","attack","5G Http2 DoS attack Recognition",{"event_1":{"timestamp":1682586201.299793,"counter":112,"attributes":[["http2.header_length",1927941901]]},"event_2":{"timestamp":1682586201.299793,"counter":112,"attributes":[["http2.header_method",97]]}}
10,0,"",1682586744,97,"detected","attack","5G Http2 DoS attack Recognition",{"event_1":{"timestamp":1682586201.299800,"counter":113,"attributes":[["http2.header_length",1915892532]]},"event_2":{"timestamp":1682586201.299800,"counter":113,"attributes":[["http2.header_method",66]]}}
10,0,"",1682586744,97,"detected","attack","5G Http2 DoS attack Recognition",{"event_1":{"timestamp":1682586201.299807,"counter":114,"attributes":[["http2.header_length",1919251575]]},"event_2":{"timestamp":1682586201.299807,"counter":114,"attributes":[["http2.header_method",103]]}}
10,0,"",1682586744,97,"detected","attack","5G Http2 DoS attack Recognition",{"event_1":{"timestamp":1682586201.299815,"counter":115,"attributes":[["http2.header_length",1920299113]]},"event_2":{"timestamp":1682586201.299815,"counter":115,"attributes":[["http2.header_method",34]]}}
10,0,"",1682586744,97,"detected","attack","5G Http2 DoS attack Recognition",{"event_1":{"timestamp":1682586201.299823,"counter":116,"attributes":[["http2.header_length",1916155704]]},"event_2":{"timestamp":1682586201.299823,"counter":116,"attributes":[["http2.header_method",66]]}}
10,0,"",1682586744,97,"detected","attack","5G Http2 DoS attack Recognition",{"event_1":{"timestamp":1682586201.299831,"counter":117,"attributes":[["http2.header_length",1919066586]]},"event_2":{"timestamp":1682586201.299831,"counter":117,"attributes":[["http2.header_method",225]]}}
10,0,"",1682586744,97,"detected","attack","5G Http2 DoS attack Recognition",{"event_1":{"timestamp":1682586201.299838,"counter":118,"attributes":[["http2.header_length",1915890993]]},"event_2":{"timestamp":1682586201.299838,"counter":118,"attributes":[["http2.header_method",50]]}}
10,0,"",1682586744,97,"detected","attack","5G Http2 DoS attack Recognition",{"event_1":{"timestamp":1682586201.299845,"counter":119,"attributes":[["http2.header_length",1916879409]]},"event_2":{"timestamp":1682586201.299845,"counter":119,"attributes":[["http2.header_method",114]]}}
10,0,"",1682586744,97,"detected","attack","5G Http2 DoS attack Recognition",{"event_1":{"timestamp":1682586201.299852,"counter":120,"attributes":[["http2.header_length",1916898315]]},"event_2":{"timestamp":1682586201.299852,"counter":120,"attributes":[["http2.header_method",136]]}}
10,0,"",1682586744,97,"detected","attack","5G Http2 DoS attack Recognition",{"event_1":{"timestamp":1682586201.299859,"counter":121,"attributes":[["http2.header_length",1917011013]]},"event_2":{"timestamp":1682586201.299859,"counter":121,"attributes":[["http2.header_method",53]]}}
10,0,"",1682586744,97,"detected","attack","5G Http2 DoS attack Recognition",{"event_1":{"timestamp":1682586201.299866,"counter":122,"attributes":[["http2.header_length",1919230522]]},"event_2":{"timestamp":1682586201.299866,"counter":122,"attributes":[["http2.header_method",99]]}}
10,0,"",1682586744,97,"detected","attack","5G Http2 DoS attack Recognition",{"event_1":{"timestamp":1682586201.299873,"counter":123,"attributes":[["http2.header_length",1920221674]]},"event_2":{"timestamp":1682586201.299873,"counter":123,"attributes":[["http2.header_method",122]]}}
10,0,"",1682586744,97,"detected","attack","5G Http2 DoS attack Recognition",{"event_1":{"timestamp":1682586201.343106,"counter":124,"attributes":[["http2.header_length",1912602724]]},"event_2":{"timestamp":1682586201.343106,"counter":124,"attributes":[["http2.header_method",122]]}}
10,0,"",1682586744,97,"detected","attack","5G Http2 DoS attack Recognition",{"event_1":{"timestamp":1682586201.343399,"counter":125,"attributes":[["http2.header_length",2653958450]]},"event_2":{"timestamp":1682586201.343399,"counter":125,"attributes":[["http2.header_method",57]]}}
10,0,"",1682586744,97,"detected","attack","5G Http2 DoS attack Recognition",{"event_1":{"timestamp":1682586201.343412,"counter":126,"attributes":[["http2.header_length",2658168421]]},"event_2":{"timestamp":1682586201.343412,"counter":126,"attributes":[["http2.header_method",111]]}}
10,0,"",1682586744,97,"detected","attack","5G Http2 DoS attack Recognition",{"event_1":{"timestamp":1682586201.343421,"counter":127,"attributes":[["http2.header_length",2653057909]]},"event_2":{"timestamp":1682586201.343421,"counter":127,"attributes":[["http2.header_method",99]]}}
10,0,"",1682586744,97,"detected","attack","5G Http2 DoS attack Recognition",{"event_1":{"timestamp":1682586201.343428,"counter":128,"attributes":[["http2.header_length",2654221622]]},"event_2":{"timestamp":1682586201.343428,"counter":128,"attributes":[["http2.header_method",68]]}}
10,0,"",1682586744,97,"detected","attack","5G Http2 DoS attack Recognition",{"event_1":{"timestamp":1682586201.343436,"counter":129,"attributes":[["http2.header_length",2651101026]]},"event_2":{"timestamp":1682586201.343436,"counter":129,"attributes":[["http2.header_method",157]]}}
10,0,"",1682586744,97,"detected","attack","5G Http2 DoS attack Recognition",{"event_1":{"timestamp":1682586201.343443,"counter":130,"attributes":[["http2.header_length",2653761586]]},"event_2":{"timestamp":1682586201.343443,"counter":130,"attributes":[["http2.header_method",49]]}}
10,0,"",1682586744,97,"detected","attack","5G Http2 DoS attack Recognition",{"event_1":{"timestamp":1682586201.343451,"counter":131,"attributes":[["http2.header_length",2654484801]]},"event_2":{"timestamp":1682586201.343451,"counter":131,"attributes":[["http2.header_method",115]]}}
10,0,"",1682586744,97,"detected","attack","5G Http2 DoS attack Recognition",{"event_1":{"timestamp":1682586201.343457,"counter":132,"attributes":[["http2.header_length",2658693225]]},"event_2":{"timestamp":1682586201.343457,"counter":132,"attributes":[["http2.header_method",50]]}}
10,0,"",1682586744,97,"detected","attack","5G Http2 DoS attack Recognition",{"event_1":{"timestamp":1682586201.343465,"counter":133,"attributes":[["http2.header_length",2658104425]]},"event_2":{"timestamp":1682586201.343465,"counter":133,"attributes":[["http2.header_method",111]]}}
10,0,"",1682586744,97,"detected","attack","5G Http2 DoS attack Recognition",{"event_1":{"timestamp":1682586201.343472,"counter":134,"attributes":[["http2.header_length",2657381677]]},"event_2":{"timestamp":1682586201.343472,"counter":134,"attributes":[["http2.header_method",47]]}}
10,0,"",1682586744,97,"detected","attack","5G Http2 DoS attack Recognition",{"event_1":{"timestamp":1682586201.392470,"counter":135,"attributes":[["http2.header_length",2650800228]]},"event_2":{"timestamp":1682586201.392470,"counter":135,"attributes":[["http2.header_method",47]]}}
10,0,"",1682586744,97,"detected","attack","5G Http2 DoS attack Recognition",{"event_1":{"timestamp":1682586201.392662,"counter":136,"attributes":[["http2.header_length",3492963425]]},"event_2":{"timestamp":1682586201.392662,"counter":136,"attributes":[["http2.header_method",99]]}}
10,0,"",1682586744,97,"detected","attack","5G Http2 DoS attack Recognition",{"event_1":{"timestamp":1682586201.392676,"counter":137,"attributes":[["http2.header_length",3496833897]]},"event_2":{"timestamp":1682586201.392676,"counter":137,"attributes":[["http2.header_method",48]]}}
10,0,"",1682586744,97,"detected","attack","5G Http2 DoS attack Recognition",{"event_1":{"timestamp":1682586201.392685,"counter":138,"attributes":[["http2.header_length",3492884321]]},"event_2":{"timestamp":1682586201.392685,"counter":138,"attributes":[["http2.header_method",34]]}}
10,0,"",1682586744,97,"detected","attack","5G Http2 DoS attack Recognition",{"event_1":{"timestamp":1682586201.392693,"counter":139,"attributes":[["http2.header_length",3500441478]]},"event_2":{"timestamp":1682586201.392693,"counter":139,"attributes":[["http2.header_method",55]]}}
10,0,"",1682586744,97,"detected","attack","5G Http2 DoS attack Recognition",{"event_1":{"timestamp":1682586201.392701,"counter":140,"attributes":[["http2.header_length",3493474095]]},"event_2":{"timestamp":1682586201.392701,"counter":140,"attributes":[["http2.header_method",46]]}}
10,0,"",1682586744,97,"detected","attack","5G Http2 DoS attack Recognition",{"event_1":{"timestamp":1682586201.436200,"counter":141,"attributes":[["http2.header_length",3489661028]]},"event_2":{"timestamp":1682586201.436200,"counter":141,"attributes":[["http2.header_method",46]]}}
10,0,"",1682586744,97,"detected","attack","5G Http2 DoS attack Recognition",{"event_1":{"timestamp":1682586201.524546,"counter":142,"attributes":[["http2.header_length",3489660953]]},"event_2":{"timestamp":1682586201.524546,"counter":142,"attributes":[["http2.header_method",136]]}}
10,0,"",1682586744,97,"detected","attack","5G Http2 DoS attack Recognition",{"event_1":{"timestamp":1682586201.539669,"counter":143,"attributes":[["http2.header_length",3493605218]]},"event_2":{"timestamp":1682586201.539669,"counter":143,"attributes":[["http2.header_method",47]]}}
10,0,"",1682586744,97,"detected","attack","5G Http2 DoS attack Recognition",{"event_1":{"timestamp":1682586201.561187,"counter":144,"attributes":[["http2.header_length",3493605218]]},"event_2":{"timestamp":1682586201.561187,"counter":144,"attributes":[["http2.header_method",47]]}}
10,0,"",1682586744,97,"detected","attack","5G Http2 DoS attack Recognition",{"event_1":{"timestamp":1682586201.719114,"counter":146,"attributes":[["http2.header_length",2013265922]]},"event_2":{"timestamp":1682586201.719114,"counter":146,"attributes":[["http2.header_method",136]]}}
10,0,"",1682586744,97,"detected","attack","5G Http2 DoS attack Recognition",{"event_1":{"timestamp":1682586201.759929,"counter":147,"attributes":[["http2.header_length",369098852]]},"event_2":{"timestamp":1682586201.759929,"counter":147,"attributes":[["http2.header_method",136]]}}
10,0,"",1682586744,97,"detected","attack","5G Http2 DoS attack Recognition",{"event_1":{"timestamp":1682586201.900164,"counter":148,"attributes":[["http2.header_length",1056964610]]},"event_2":{"timestamp":1682586201.900164,"counter":148,"attributes":[["http2.header_method",136]]}}
10,0,"",1682586744,97,"detected","attack","5G Http2 DoS attack Recognition",{"event_1":{"timestamp":1682586201.900221,"counter":149,"attributes":[["http2.header_length",1056964708]]},"event_2":{"timestamp":1682586201.900221,"counter":149,"attributes":[["http2.header_method",136]]}}
10,0,"",1682586744,97,"detected","attack","5G Http2 DoS attack Recognition",{"event_1":{"timestamp":1682586201.902758,"counter":150,"attributes":[["http2.header_length",3409392442]]},"event_2":{"timestamp":1682586201.902758,"counter":150,"attributes":[["http2.header_method",117]]}}
10,0,"",1682586744,97,"detected","attack","5G Http2 DoS attack Recognition",{"event_1":{"timestamp":1682586201.902767,"counter":151,"attributes":[["http2.header_length",3406143363]]},"event_2":{"timestamp":1682586201.902767,"counter":151,"attributes":[["http2.header_method",100]]}}
10,0,"",1682586744,97,"detected","attack","5G Http2 DoS attack Recognition",{"event_1":{"timestamp":1682586201.902774,"counter":152,"attributes":[["http2.header_length",3409065812]]},"event_2":{"timestamp":1682586201.902774,"counter":152,"attributes":[["http2.header_method",52]]}}
10,0,"",1682586744,97,"detected","attack","5G Http2 DoS attack Recognition",{"event_1":{"timestamp":1682586201.902783,"counter":153,"attributes":[["http2.header_length",3412685935]]},"event_2":{"timestamp":1682586201.902783,"counter":153,"attributes":[["http2.header_method",111]]}}
10,0,"",1682586744,97,"detected","attack","5G Http2 DoS attack Recognition",{"event_1":{"timestamp":1682586201.902790,"counter":154,"attributes":[["http2.header_length",3408932914]]},"event_2":{"timestamp":1682586201.902790,"counter":154,"attributes":[["http2.header_method",49]]}}
10,0,"",1682586744,97,"detected","attack","5G Http2 DoS attack Recognition",{"event_1":{"timestamp":1682586201.902796,"counter":155,"attributes":[["http2.header_length",3408738404]]},"event_2":{"timestamp":1682586201.902796,"counter":155,"attributes":[["http2.header_method",97]]}}
10,0,"",1682586744,97,"detected","attack","5G Http2 DoS attack Recognition",{"event_1":{"timestamp":1682586201.902812,"counter":156,"attributes":[["http2.header_length",3405774948]]},"event_2":{"timestamp":1682586201.902812,"counter":156,"attributes":[["http2.header_method",97]]}}
10,0,"",1682586744,97,"detected","attack","5G Http2 DoS attack Recognition",{"event_1":{"timestamp":1682586201.948804,"counter":157,"attributes":[["http2.header_length",3405774948]]},"event_2":{"timestamp":1682586201.948804,"counter":157,"attributes":[["http2.header_method",97]]}}
10,0,"",1682586744,97,"detected","attack","5G Http2 DoS attack Recognition",{"event_1":{"timestamp":1682586201.949037,"counter":158,"attributes":[["http2.header_length",4231016751]]},"event_2":{"timestamp":1682586201.949037,"counter":158,"attributes":[["http2.header_method",98]]}}
10,0,"",1682586744,97,"detected","attack","5G Http2 DoS attack Recognition",{"event_1":{"timestamp":1682586201.949130,"counter":159,"attributes":[["http2.header_length",4230950705]]},"event_2":{"timestamp":1682586201.949130,"counter":159,"attributes":[["http2.header_method",53]]}}
10,0,"",1682586744,97,"detected","attack","5G Http2 DoS attack Recognition",{"event_1":{"timestamp":1682586201.949141,"counter":160,"attributes":[["http2.header_length",4227858441]]},"event_2":{"timestamp":1682586201.949141,"counter":160,"attributes":[["http2.header_method",110]]}}
10,0,"",1682586744,97,"detected","attack","5G Http2 DoS attack Recognition",{"event_1":{"timestamp":1682586201.990488,"counter":161,"attributes":[["http2.header_length",4227858532]]},"event_2":{"timestamp":1682586201.990488,"counter":161,"attributes":[["http2.header_method",110]]}}
10,0,"",1682586744,97,"detected","attack","5G Http2 DoS attack Recognition",{"event_1":{"timestamp":1682586202.289552,"counter":162,"attributes":[["http2.header_length",4227858532]]},"event_2":{"timestamp":1682586202.289552,"counter":162,"attributes":[["http2.header_method",110]]}}
10,0,"",1682586744,97,"detected","attack","5G Http2 DoS attack Recognition",{"event_1":{"timestamp":1682586202.289591,"counter":163,"attributes":[["http2.header_length",1362636856]]},"event_2":{"timestamp":1682586202.289591,"counter":163,"attributes":[["http2.header_method",45]]}}
10,0,"",1682586744,97,"detected","attack","5G Http2 DoS attack Recognition",{"event_1":{"timestamp":1682586202.289597,"counter":164,"attributes":[["http2.header_length",1366700591]]},"event_2":{"timestamp":1682586202.289597,"counter":164,"attributes":[["http2.header_method",54]]}}
10,0,"",1682586744,97,"detected","attack","5G Http2 DoS attack Recognition",{"event_1":{"timestamp":1682586202.290707,"counter":169,"attributes":[["http2.header_length",419430512]]},"event_2":{"timestamp":1682586202.290707,"counter":169,"attributes":[["http2.header_method",30]]}}
10,0,"",1682586744,97,"detected","attack","5G Http2 DoS attack Recognition",{"event_1":{"timestamp":1682586202.361877,"counter":170,"attributes":[["http2.header_length",1358954596]]},"event_2":{"timestamp":1682586202.361877,"counter":170,"attributes":[["http2.header_method",50]]}}
10,0,"",1682586744,97,"detected","attack","5G Http2 DoS attack Recognition",{"event_1":{"timestamp":1682586202.361913,"counter":171,"attributes":[["http2.header_length",2574019682]]},"event_2":{"timestamp":1682586202.361913,"counter":171,"attributes":[["http2.header_method",101]]}}
10,0,"",1682586744,97,"detected","attack","5G Http2 DoS attack Recognition",{"event_1":{"timestamp":1682586202.361989,"counter":172,"attributes":[["http2.header_length",2574459450]]},"event_2":{"timestamp":1682586202.361989,"counter":172,"attributes":[["http2.header_method",58]]}}
10,0,"",1682586744,97,"detected","attack","5G Http2 DoS attack Recognition",{"event_1":{"timestamp":1682586202.361997,"counter":173,"attributes":[["http2.header_length",2569892709]]},"event_2":{"timestamp":1682586202.361997,"counter":173,"attributes":[["http2.header_method",97]]}}
10,0,"",1682586744,97,"detected","attack","5G Http2 DoS attack Recognition",{"event_1":{"timestamp":1682586202.402460,"counter":174,"attributes":[["http2.header_length",2566914148]]},"event_2":{"timestamp":1682586202.402460,"counter":174,"attributes":[["http2.header_method",97]]}}
10,0,"",1682586744,97,"detected","attack","5G Http2 DoS attack Recognition",{"event_1":{"timestamp":1682586202.504753,"counter":175,"attributes":[["http2.header_length",2566914148]]},"event_2":{"timestamp":1682586202.504753,"counter":175,"attributes":[["http2.header_method",97]]}}
10,0,"",1682586744,97,"detected","attack","5G Http2 DoS attack Recognition",{"event_1":{"timestamp":1682586202.504792,"counter":176,"attributes":[["http2.header_length",674505260]]},"event_2":{"timestamp":1682586202.504792,"counter":176,"attributes":[["http2.header_method",101]]}}
10,0,"",1682586744,97,"detected","attack","5G Http2 DoS attack Recognition",{"event_1":{"timestamp":1682586202.504799,"counter":177,"attributes":[["http2.header_length",678391411]]},"event_2":{"timestamp":1682586202.504799,"counter":177,"attributes":[["http2.header_method",105]]}}
10,0,"",1682586744,97,"detected","attack","5G Http2 DoS attack Recognition",{"event_1":{"timestamp":1682586202.504900,"counter":178,"attributes":[["http2.header_length",674770991]]},"event_2":{"timestamp":1682586202.504900,"counter":178,"attributes":[["http2.header_method",100]]}}
10,0,"",1682586744,97,"detected","attack","5G Http2 DoS attack Recognition",{"event_1":{"timestamp":1682586202.548914,"counter":179,"attributes":[["http2.header_length",671088740]]},"event_2":{"timestamp":1682586202.548914,"counter":179,"attributes":[["http2.header_method",100]]}}
10,0,"",1682586744,97,"detected","attack","5G Http2 DoS attack Recognition",{"event_1":{"timestamp":1682586202.594108,"counter":180,"attributes":[["http2.header_length",671088642]]},"event_2":{"timestamp":1682586202.594108,"counter":180,"attributes":[["http2.header_method",136]]}}
10,0,"",1682586744,97,"detected","attack","5G Http2 DoS attack Recognition",{"event_1":{"timestamp":1682586202.646798,"counter":181,"attributes":[["http2.header_length",2164260964]]},"event_2":{"timestamp":1682586202.646798,"counter":181,"attributes":[["http2.header_method",136]]}}
10,0,"",1682586744,97,"detected","attack","5G Http2 DoS attack Recognition",{"event_1":{"timestamp":1682586202.688873,"counter":182,"attributes":[["http2.header_length",3053453412]]},"event_2":{"timestamp":1682586202.688873,"counter":182,"attributes":[["http2.header_method",136]]}}
10,0,"",1682586744,97,"detected","attack","5G Http2 DoS attack Recognition",{"event_1":{"timestamp":1682586202.688913,"counter":183,"attributes":[["http2.header_length",3764658746]]},"event_2":{"timestamp":1682586202.688913,"counter":183,"attributes":[["http2.header_method",51]]}}
10,0,"",1682586744,97,"detected","attack","5G Http2 DoS attack Recognition",{"event_1":{"timestamp":1682586202.688920,"counter":184,"attributes":[["http2.header_length",3761253936]]},"event_2":{"timestamp":1682586202.688920,"counter":184,"attributes":[["http2.header_method",52]]}}
10,0,"",1682586744,97,"detected","attack","5G Http2 DoS attack Recognition",{"event_1":{"timestamp":1682586202.688927,"counter":185,"attributes":[["http2.header_length",3761254449]]},"event_2":{"timestamp":1682586202.688927,"counter":185,"attributes":[["http2.header_method",45]]}}
10,0,"",1682586744,97,"detected","attack","5G Http2 DoS attack Recognition",{"event_1":{"timestamp":1682586202.745746,"counter":186,"attributes":[["http2.header_length",3758096484]]},"event_2":{"timestamp":1682586202.745746,"counter":186,"attributes":[["http2.header_method",45]]}}
10,0,"",1682586744,97,"detected","attack","5G Http2 DoS attack Recognition",{"event_1":{"timestamp":1682586202.774184,"counter":187,"attributes":[["http2.header_length",3758096484]]},"event_2":{"timestamp":1682586202.774184,"counter":187,"attributes":[["http2.header_method",45]]}}
10,0,"",1682586744,97,"detected","attack","5G Http2 DoS attack Recognition",{"event_1":{"timestamp":1682586202.774224,"counter":188,"attributes":[["http2.header_length",890422102]]},"event_2":{"timestamp":1682586202.774224,"counter":188,"attributes":[["http2.header_method",191]]}}
10,0,"",1682586744,97,"detected","attack","5G Http2 DoS attack Recognition",{"event_1":{"timestamp":1682586202.774231,"counter":189,"attributes":[["http2.header_length",891447412]]},"event_2":{"timestamp":1682586202.774231,"counter":189,"attributes":[["http2.header_method",55]]}}
10,0,"",1682586744,97,"detected","attack","5G Http2 DoS attack Recognition",{"event_1":{"timestamp":1682586202.774237,"counter":190,"attributes":[["http2.header_length",892743221]]},"event_2":{"timestamp":1682586202.774237,"counter":190,"attributes":[["http2.header_method",48]]}}
10,0,"",1682586744,97,"detected","attack","5G Http2 DoS attack Recognition",{"event_1":{"timestamp":1682586202.816102,"counter":191,"attributes":[["http2.header_length",889192548]]},"event_2":{"timestamp":1682586202.816102,"counter":191,"attributes":[["http2.header_method",48]]}}
10,0,"",1682586744,97,"detected","attack","5G Http2 DoS attack Recognition",{"event_1":{"timestamp":1682586202.864503,"counter":192,"attributes":[["http2.header_length",889192548]]},"event_2":{"timestamp":1682586202.864503,"counter":192,"attributes":[["http2.header_method",48]]}}
10,0,"",1682586744,97,"detected","attack","5G Http2 DoS attack Recognition",{"event_1":{"timestamp":1682586202.864590,"counter":193,"attributes":[["http2.header_length",2419130628]]},"event_2":{"timestamp":1682586202.864590,"counter":193,"attributes":[["http2.header_method",164]]}}
10,0,"",1682586744,97,"detected","attack","5G Http2 DoS attack Recognition",{"event_1":{"timestamp":1682586202.864597,"counter":194,"attributes":[["http2.header_length",2419076401]]},"event_2":{"timestamp":1682586202.864597,"counter":194,"attributes":[["http2.header_method",48]]}}
10,0,"",1682586744,97,"detected","attack","5G Http2 DoS attack Recognition",{"event_1":{"timestamp":1682586202.864603,"counter":195,"attributes":[["http2.header_length",2418811501]]},"event_2":{"timestamp":1682586202.864603,"counter":195,"attributes":[["http2.header_method",101]]}}
10,0,"",1682586744,97,"detected","attack","5G Http2 DoS attack Recognition",{"event_1":{"timestamp":1682586202.899892,"counter":196,"attributes":[["http2.header_length",2415919204]]},"event_2":{"timestamp":1682586202.899892,"counter":196,"attributes":[["http2.header_method",101]]}}
10,0,"",1682586744,97,"detected","attack","5G Http2 DoS attack Recognition",{"event_1":{"timestamp":1682586202.900008,"counter":197,"attributes":[["http2.header_length",3010685229]]},"event_2":{"timestamp":1682586202.900008,"counter":197,"attributes":[["http2.header_method",51]]}}
10,0,"",1682586744,97,"detected","attack","5G Http2 DoS attack Recognition",{"event_1":{"timestamp":1682586202.900015,"counter":198,"attributes":[["http2.header_length",3006084151]]},"event_2":{"timestamp":1682586202.900015,"counter":198,"attributes":[["http2.header_method",56]]}}
10,0,"",1682586744,97,"detected","attack","5G Http2 DoS attack Recognition",{"event_1":{"timestamp":1682586202.900021,"counter":199,"attributes":[["http2.header_length",3006345264]]},"event_2":{"timestamp":1682586202.900021,"counter":199,"attributes":[["http2.header_method",100]]}}
10,0,"",1682586744,97,"detected","attack","5G Http2 DoS attack Recognition",{"event_1":{"timestamp":1682586202.945263,"counter":200,"attributes":[["http2.header_length",3003121764]]},"event_2":{"timestamp":1682586202.945263,"counter":200,"attributes":[["http2.header_method",100]]}}
10,0,"",1682586744,97,"detected","attack","5G Http2 DoS attack Recognition",{"event_1":{"timestamp":1682586202.990457,"counter":201,"attributes":[["http2.header_length",3003121764]]},"event_2":{"timestamp":1682586202.990457,"counter":201,"attributes":[["http2.header_method",100]]}}
10,0,"",1682586744,97,"detected","attack","5G Http2 DoS attack Recognition",{"event_1":{"timestamp":1682586202.990466,"counter":202,"attributes":[["http2.header_length",3758096484]]},"event_2":{"timestamp":1682586202.990466,"counter":202,"attributes":[["http2.header_method",100]]}}
10,0,"",1682586744,97,"detected","attack","5G Http2 DoS attack Recognition",{"event_1":{"timestamp":1682586203.185843,"counter":203,"attributes":[["http2.header_length",3764941940]]},"event_2":{"timestamp":1682586203.185843,"counter":203,"attributes":[["http2.header_method",50]]}}
10,0,"",1682586744,97,"detected","attack","5G Http2 DoS attack Recognition",{"event_1":{"timestamp":1682586203.185866,"counter":204,"attributes":[["http2.header_length",3506438244]]},"event_2":{"timestamp":1682586203.185866,"counter":204,"attributes":[["http2.header_method",50]]}}
10,0,"",1682586744,97,"detected","attack","5G Http2 DoS attack Recognition",{"event_1":{"timestamp":1682586203.326800,"counter":205,"attributes":[["http2.header_length",3506438244]]},"event_2":{"timestamp":1682586203.326800,"counter":205,"attributes":[["http2.header_method",50]]}}
10,0,"",1682586744,97,"detected","attack","5G Http2 DoS attack Recognition",{"event_1":{"timestamp":1682586203.326910,"counter":206,"attributes":[["http2.header_length",1579312504]]},"event_2":{"timestamp":1682586203.326910,"counter":206,"attributes":[["http2.header_method",58]]}}
10,0,"",1682586744,97,"detected","attack","5G Http2 DoS attack Recognition",{"event_1":{"timestamp":1682586203.326919,"counter":207,"attributes":[["http2.header_length",1577058678]]},"event_2":{"timestamp":1682586203.326919,"counter":207,"attributes":[["http2.header_method",123]]}}
10,0,"",1682586744,97,"detected","attack","5G Http2 DoS attack Recognition",{"event_1":{"timestamp":1682586203.326926,"counter":208,"attributes":[["http2.header_length",1580085810]]},"event_2":{"timestamp":1682586203.326926,"counter":208,"attributes":[["http2.header_method",47]]}}
10,0,"",1682586744,97,"detected","attack","5G Http2 DoS attack Recognition",{"event_1":{"timestamp":1682586203.326932,"counter":209,"attributes":[["http2.header_length",1580036964]]},"event_2":{"timestamp":1682586203.326932,"counter":209,"attributes":[["http2.header_method",109]]}}
10,0,"",1682586744,97,"detected","attack","5G Http2 DoS attack Recognition",{"event_1":{"timestamp":1682586203.326940,"counter":210,"attributes":[["http2.header_length",1579009217]]},"event_2":{"timestamp":1682586203.326940,"counter":210,"attributes":[["http2.header_method",64]]}}
10,0,"",1682586744,97,"detected","attack","5G Http2 DoS attack Recognition",{"event_1":{"timestamp":1682586203.387925,"counter":211,"attributes":[["http2.header_length",1577058404]]},"event_2":{"timestamp":1682586203.387925,"counter":211,"attributes":[["http2.header_method",64]]}}
10,0,"",1682586744,97,"detected","attack","5G Http2 DoS attack Recognition",{"event_1":{"timestamp":1682586203.387998,"counter":212,"attributes":[["http2.header_length",2603692080]]},"event_2":{"timestamp":1682586203.387998,"counter":212,"attributes":[["http2.header_method",115]]}}
10,0,"",1682586744,97,"detected","attack","5G Http2 DoS attack Recognition",{"event_1":{"timestamp":1682586203.434602,"counter":213,"attributes":[["http2.header_length",2600468580]]},"event_2":{"timestamp":1682586203.434602,"counter":213,"attributes":[["http2.header_method",115]]}}
10,0,"",1682586744,97,"detected","attack","5G Http2 DoS attack Recognition",{"event_1":{"timestamp":1682586203.434728,"counter":214,"attributes":[["http2.header_length",3390669572]]},"event_2":{"timestamp":1682586203.434728,"counter":214,"attributes":[["http2.header_method",73]]}}
10,0,"",1682586744,97,"detected","attack","5G Http2 DoS attack Recognition",{"event_1":{"timestamp":1682586203.478504,"counter":215,"attributes":[["http2.header_length",3388997732]]},"event_2":{"timestamp":1682586203.478504,"counter":215,"attributes":[["http2.header_method",73]]}}
10,0,"",1682586744,97,"detected","attack","5G Http2 DoS attack Recognition",{"event_1":{"timestamp":1682586203.497449,"counter":216,"attributes":[["http2.header_length",3388997732]]},"event_2":{"timestamp":1682586203.497449,"counter":216,"attributes":[["http2.header_method",73]]}}
10,0,"",1682586744,97,"detected","attack","5G Http2 DoS attack Recognition",{"event_1":{"timestamp":1682586203.497485,"counter":217,"attributes":[["http2.header_length",154416688]]},"event_2":{"timestamp":1682586203.497485,"counter":217,"attributes":[["http2.header_method",48]]}}
10,0,"",1682586744,97,"detected","attack","5G Http2 DoS attack Recognition",{"event_1":{"timestamp":1682586203.542546,"counter":218,"attributes":[["http2.header_length",150995044]]},"event_2":{"timestamp":1682586203.542546,"counter":218,"attributes":[["http2.header_method",48]]}}
10,0,"",1682586744,97,"detected","attack","5G Http2 DoS attack Recognition",{"event_1":{"timestamp":1682586203.549279,"counter":219,"attributes":[["http2.header_length",150995044]]},"event_2":{"timestamp":1682586203.549279,"counter":219,"attributes":[["http2.header_method",48]]}}
10,0,"",1682586744,97,"detected","attack","5G Http2 DoS attack Recognition",{"event_1":{"timestamp":1682586203.598964,"counter":223,"attributes":[["http2.header_length",1848782384]]},"event_2":{"timestamp":1682586203.598964,"counter":223,"attributes":[["http2.header_method",105]]}}
10,0,"",1682586744,97,"detected","attack","5G Http2 DoS attack Recognition",{"event_1":{"timestamp":1682586203.629660,"counter":224,"attributes":[["http2.header_length",1845493860]]},"event_2":{"timestamp":1682586203.629660,"counter":224,"attributes":[["http2.header_method",105]]}}
10,0,"",1682586744,97,"detected","attack","5G Http2 DoS attack Recognition",{"event_1":{"timestamp":1682586203.629701,"counter":225,"attributes":[["http2.header_length",2373150060]]},"event_2":{"timestamp":1682586203.629701,"counter":225,"attributes":[["http2.header_method",116]]}}
10,0,"",1682586744,97,"detected","attack","5G Http2 DoS attack Recognition",{"event_1":{"timestamp":1682586203.663090,"counter":226,"attributes":[["http2.header_length",2365587556]]},"event_2":{"timestamp":1682586203.663090,"counter":226,"attributes":[["http2.header_method",116]]}}
10,0,"",1682586744,97,"detected","attack","5G Http2 DoS attack Recognition",{"event_1":{"timestamp":1682586203.663126,"counter":227,"attributes":[["http2.header_length",2922344053]]},"event_2":{"timestamp":1682586203.663126,"counter":227,"attributes":[["http2.header_method",47]]}}
10,0,"",1682586744,97,"detected","attack","5G Http2 DoS attack Recognition",{"event_1":{"timestamp":1682586203.694378,"counter":228,"attributes":[["http2.header_length",2919235684]]},"event_2":{"timestamp":1682586203.694378,"counter":228,"attributes":[["http2.header_method",47]]}}
10,0,"",1682586744,97,"detected","attack","5G Http2 DoS attack Recognition",{"event_1":{"timestamp":1682586203.694553,"counter":229,"attributes":[["http2.header_length",3459264561]]},"event_2":{"timestamp":1682586203.694553,"counter":229,"attributes":[["http2.header_method",102]]}}
10,0,"",1682586744,97,"detected","attack","5G Http2 DoS attack Recognition",{"event_1":{"timestamp":1682586203.738654,"counter":230,"attributes":[["http2.header_length",3456106596]]},"event_2":{"timestamp":1682586203.738654,"counter":230,"attributes":[["http2.header_method",102]]}}
10,0,"",1682586744,97,"detected","attack","5G Http2 DoS attack Recognition",{"event_1":{"timestamp":1682586203.812365,"counter":231,"attributes":[["http2.header_length",3456106596]]},"event_2":{"timestamp":1682586203.812365,"counter":231,"attributes":[["http2.header_method",102]]}}
10,0,"",1682586744,97,"detected","attack","5G Http2 DoS attack Recognition",{"event_1":{"timestamp":1682586203.812611,"counter":232,"attributes":[["http2.header_length",1144272430]]},"event_2":{"timestamp":1682586203.812611,"counter":232,"attributes":[["http2.header_method",56]]}}
10,0,"",1682586744,97,"detected","attack","5G Http2 DoS attack Recognition",{"event_1":{"timestamp":1682586203.812627,"counter":233,"attributes":[["http2.header_length",1147743540]]},"event_2":{"timestamp":1682586203.812627,"counter":233,"attributes":[["http2.header_method",48]]}}
10,0,"",1682586744,97,"detected","attack","5G Http2 DoS attack Recognition",{"event_1":{"timestamp":1682586203.812643,"counter":234,"attributes":[["http2.header_length",1148205615]]},"event_2":{"timestamp":1682586203.812643,"counter":234,"attributes":[["http2.header_method",54]]}}
10,0,"",1682586744,97,"detected","attack","5G Http2 DoS attack Recognition",{"event_1":{"timestamp":1682586203.812656,"counter":235,"attributes":[["http2.header_length",1143829348]]},"event_2":{"timestamp":1682586203.812656,"counter":235,"attributes":[["http2.header_method",109]]}}
10,0,"",1682586744,97,"detected","attack","5G Http2 DoS attack Recognition",{"event_1":{"timestamp":1682586203.812792,"counter":236,"attributes":[["http2.header_length",1148347758]]},"event_2":{"timestamp":1682586203.812792,"counter":236,"attributes":[["http2.header_method",116]]}}
10,0,"",1682586744,97,"detected","attack","5G Http2 DoS attack Recognition",{"event_1":{"timestamp":1682586203.812810,"counter":237,"attributes":[["http2.header_length",1144207928]]},"event_2":{"timestamp":1682586203.812810,"counter":237,"attributes":[["http2.header_method",100]]}}
10,0,"",1682586744,97,"detected","attack","5G Http2 DoS attack Recognition",{"event_1":{"timestamp":1682586203.812857,"counter":238,"attributes":[["http2.header_length",1147235436]]},"event_2":{"timestamp":1682586203.812857,"counter":238,"attributes":[["http2.header_method",102]]}}
10,0,"",1682586744,97,"detected","attack","5G Http2 DoS attack Recognition",{"event_1":{"timestamp":1682586203.812873,"counter":239,"attributes":[["http2.header_length",1144076082]]},"event_2":{"timestamp":1682586203.812873,"counter":239,"attributes":[["http2.header_method",46]]}}
10,0,"",1682586744,97,"detected","attack","5G Http2 DoS attack Recognition",{"event_1":{"timestamp":1682586203.812886,"counter":240,"attributes":[["http2.header_length",1144665136]]},"event_2":{"timestamp":1682586203.812886,"counter":240,"attributes":[["http2.header_method",34]]}}
10,0,"",1682586744,97,"detected","attack","5G Http2 DoS attack Recognition",{"event_1":{"timestamp":1682586203.812901,"counter":241,"attributes":[["http2.header_length",1147216428]]},"event_2":{"timestamp":1682586203.812901,"counter":241,"attributes":[["http2.header_method",47]]}}
10,0,"",1682586744,97,"detected","attack","5G Http2 DoS attack Recognition",{"event_1":{"timestamp":1682586203.854016,"counter":242,"attributes":[["http2.header_length",1140850788]]},"event_2":{"timestamp":1682586203.854016,"counter":242,"attributes":[["http2.header_method",47]]}}
10,0,"",1682586744,97,"detected","attack","5G Http2 DoS attack Recognition",{"event_1":{"timestamp":1682586203.854292,"counter":243,"attributes":[["http2.header_length",1831940144]]},"event_2":{"timestamp":1682586203.854292,"counter":243,"attributes":[["http2.header_method",97]]}}
10,0,"",1682586744,97,"detected","attack","5G Http2 DoS attack Recognition",{"event_1":{"timestamp":1682586203.854357,"counter":244,"attributes":[["http2.header_length",1836609641]]},"event_2":{"timestamp":1682586203.854357,"counter":244,"attributes":[["http2.header_method",50]]}}
10,0,"",1682586744,97,"detected","attack","5G Http2 DoS attack Recognition",{"event_1":{"timestamp":1682586203.854370,"counter":245,"attributes":[["http2.header_length",1832138288]]},"event_2":{"timestamp":1682586203.854370,"counter":245,"attributes":[["http2.header_method",48]]}}
10,0,"",1682586744,97,"detected","attack","5G Http2 DoS attack Recognition",{"event_1":{"timestamp":1682586203.854382,"counter":246,"attributes":[["http2.header_length",1832202849]]},"event_2":{"timestamp":1682586203.854382,"counter":246,"attributes":[["http2.header_method",34]]}}
10,0,"",1682586744,97,"detected","attack","5G Http2 DoS attack Recognition",{"event_1":{"timestamp":1682586203.854395,"counter":247,"attributes":[["http2.header_length",1835298095]]},"event_2":{"timestamp":1682586203.854395,"counter":247,"attributes":[["http2.header_method",105]]}}
10,0,"",1682586744,97,"detected","attack","5G Http2 DoS attack Recognition",{"event_1":{"timestamp":1682586203.854407,"counter":248,"attributes":[["http2.header_length",1831680100]]},"event_2":{"timestamp":1682586203.854407,"counter":248,"attributes":[["http2.header_method",97]]}}
10,0,"",1682586744,97,"detected","attack","5G Http2 DoS attack Recognition",{"event_1":{"timestamp":1682586203.893906,"counter":249,"attributes":[["http2.header_length",1828716644]]},"event_2":{"timestamp":1682586203.893906,"counter":249,"attributes":[["http2.header_method",97]]}}
10,0,"",1682586744,97,"detected","attack","5G Http2 DoS attack Recognition",{"event_1":{"timestamp":1682586203.894013,"counter":250,"attributes":[["http2.header_length",2503487544]]},"event_2":{"timestamp":1682586203.894013,"counter":250,"attributes":[["http2.header_method",45]]}}
10,0,"",1682586744,97,"detected","attack","5G Http2 DoS attack Recognition",{"event_1":{"timestamp":1682586203.894023,"counter":251,"attributes":[["http2.header_length",2506239330]]},"event_2":{"timestamp":1682586203.894023,"counter":251,"attributes":[["http2.header_method",56]]}}
10,0,"",1682586744,97,"detected","attack","5G Http2 DoS attack Recognition",{"event_1":{"timestamp":1682586203.894032,"counter":252,"attributes":[["http2.header_length",2503093809]]},"event_2":{"timestamp":1682586203.894032,"counter":252,"attributes":[["http2.header_method",51]]}}
10,0,"",1682586744,97,"detected","attack","5G Http2 DoS attack Recognition",{"event_1":{"timestamp":1682586203.931298,"counter":253,"attributes":[["http2.header_length",2499805284]]},"event_2":{"timestamp":1682586203.931298,"counter":253,"attributes":[["http2.header_method",51]]}}
10,0,"",1682586744,97,"detected","attack","5G Http2 DoS attack Recognition",{"event_1":{"timestamp":1682586203.931393,"counter":254,"attributes":[["http2.header_length",3143901754]]},"event_2":{"timestamp":1682586203.931393,"counter":254,"attributes":[["http2.header_method",51]]}}
10,0,"",1682586744,97,"detected","attack","5G Http2 DoS attack Recognition",{"event_1":{"timestamp":1682586203.931403,"counter":255,"attributes":[["http2.header_length",3143311976]]},"event_2":{"timestamp":1682586203.931403,"counter":255,"attributes":[["http2.header_method",49]]}}
10,0,"",1682586744,97,"detected","attack","5G Http2 DoS attack Recognition",{"event_1":{"timestamp":1682586203.931412,"counter":256,"attributes":[["http2.header_length",3144574537]]},"event_2":{"timestamp":1682586203.931412,"counter":256,"attributes":[["http2.header_method",101]]}}
10,0,"",1682586744,97,"detected","attack","5G Http2 DoS attack Recognition",{"event_1":{"timestamp":1682586203.963509,"counter":257,"attributes":[["http2.header_length",3137339492]]},"event_2":{"timestamp":1682586203.963509,"counter":257,"attributes":[["http2.header_method",101]]}}
10,0,"",1682586744,97,"detected","attack","5G Http2 DoS attack Recognition",{"event_1":{"timestamp":1682586203.963598,"counter":258,"attributes":[["http2.header_length",3681514866]]},"event_2":{"timestamp":1682586203.963598,"counter":258,"attributes":[["http2.header_method",34]]}}
10,0,"",1682586744,97,"detected","attack","5G Http2 DoS attack Recognition",{"event_1":{"timestamp":1682586203.963609,"counter":259,"attributes":[["http2.header_length",3674210678]]},"event_2":{"timestamp":1682586203.963609,"counter":259,"attributes":[["http2.header_method",123]]}}
10,0,"",1682586744,97,"detected","attack","5G Http2 DoS attack Recognition",{"event_1":{"timestamp":1682586204.001606,"counter":260,"attributes":[["http2.header_length",3674210404]]},"event_2":{"timestamp":1682586204.001606,"counter":260,"attributes":[["http2.header_method",123]]}}
10,0,"",1682586744,97,"detected","attack","5G Http2 DoS attack Recognition",{"event_1":{"timestamp":1682586204.001676,"counter":261,"attributes":[["http2.header_length",24079977]]},"event_2":{"timestamp":1682586204.001676,"counter":261,"attributes":[["http2.header_method",101]]}}
10,0,"",1682586744,97,"detected","attack","5G Http2 DoS attack Recognition",{"event_1":{"timestamp":1682586204.001759,"counter":262,"attributes":[["http2.header_length",25134784]]},"event_2":{"timestamp":1682586204.001759,"counter":262,"attributes":[["http2.header_method",52]]}}
10,0,"",1682586744,97,"detected","attack","5G Http2 DoS attack Recognition",{"event_1":{"timestamp":1682586204.046459,"counter":263,"attributes":[["http2.header_length",16777316]]},"event_2":{"timestamp":1682586204.046459,"counter":263,"attributes":[["http2.header_method",52]]}}
10,0,"",1682586744,97,"detected","attack","5G Http2 DoS attack Recognition",{"event_1":{"timestamp":1682586204.140892,"counter":264,"attributes":[["http2.header_length",16777316]]},"event_2":{"timestamp":1682586204.140892,"counter":264,"attributes":[["http2.header_method",52]]}}
10,0,"",1682586744,97,"detected","attack","5G Http2 DoS attack Recognition",{"event_1":{"timestamp":1682586204.145230,"counter":265,"attributes":[["http2.header_length",2355716961]]},"event_2":{"timestamp":1682586204.145230,"counter":265,"attributes":[["http2.header_method",34]]}}
10,0,"",1682586744,97,"detected","attack","5G Http2 DoS attack Recognition",{"event_1":{"timestamp":1682586204.145244,"counter":266,"attributes":[["http2.header_length",2353613512]]},"event_2":{"timestamp":1682586204.145244,"counter":266,"attributes":[["http2.header_method",30]]}}
10,0,"",1682586744,97,"detected","attack","5G Http2 DoS attack Recognition",{"event_1":{"timestamp":1682586204.190645,"counter":267,"attributes":[["http2.header_length",2348810340]]},"event_2":{"timestamp":1682586204.190645,"counter":267,"attributes":[["http2.header_method",30]]}}
10,0,"",1682586744,97,"detected","attack","5G Http2 DoS attack Recognition",{"event_1":{"timestamp":1682586204.231632,"counter":268,"attributes":[["http2.header_length",2348810340]]},"event_2":{"timestamp":1682586204.231632,"counter":268,"attributes":[["http2.header_method",30]]}}
10,0,"",1682586744,97,"detected","attack","5G Http2 DoS attack Recognition",{"event_1":{"timestamp":1682586204.231711,"counter":269,"attributes":[["http2.header_length",3883166063]]},"event_2":{"timestamp":1682586204.231711,"counter":269,"attributes":[["http2.header_method",105]]}}
10,0,"",1682586744,97,"detected","attack","5G Http2 DoS attack Recognition",{"event_1":{"timestamp":1682586204.231721,"counter":270,"attributes":[["http2.header_length",3882467328]]},"event_2":{"timestamp":1682586204.231721,"counter":270,"attributes":[["http2.header_method",5]]}}
10,0,"",1682586744,97,"detected","attack","5G Http2 DoS attack Recognition",{"event_1":{"timestamp":1682586204.274487,"counter":271,"attributes":[["http2.header_length",3875536996]]},"event_2":{"timestamp":1682586204.274487,"counter":271,"attributes":[["http2.header_method",5]]}}
10,0,"",1682586744,97,"detected","attack","5G Http2 DoS attack Recognition",{"event_1":{"timestamp":1682586204.417855,"counter":272,"attributes":[["http2.header_length",3875536996]]},"event_2":{"timestamp":1682586204.417855,"counter":272,"attributes":[["http2.header_method",5]]}}
