10,0,"",1682586589,97,"detected","attack","5G Http2 DoS attack Recognition",{"event_1":{"timestamp":1682586589.276460,"counter":84,"attributes":[["http2.header_length",30078495]]},"event_2":{"timestamp":1682586589.276460,"counter":84,"attributes":[["http2.header_method",102]]}}
10,0,"",1682586589,97,"detected","attack","5G Http2 DoS attack Recognition",{"event_1":{"timestamp":1682586589.276465,"counter":85,"attributes":[["http2.header_length",4238868480]]},"event_2":{"timestamp":1682586589.276465,"counter":85,"attributes":[["http2.header_method",85]]}}
10,0,"",1682586589,97,"detected","attack","5G Http2 DoS attack Recognition",{"event_1":{"timestamp":1682586589.282558,"counter":87,"attributes":[["http2.header_length",44564480]]},"event_2":{"timestamp":1682586589.282558,"counter":87,"attributes":[["http2.header_method",18]]}}
10,0,"",1682586589,97,"detected","attack","5G Http2 DoS attack Recognition",{"event_1":{"timestamp":1682586589.282598,"counter":89,"attributes":[["http2.header_length",44564480]]},"event_2":{"timestamp":1682586589.282598,"counter":89,"attributes":[["http2.header_method",82]]}}
10,0,"",1682586589,97,"detected","attack","5G Http2 DoS attack Recognition",{"event_1":{"timestamp":1682586589.320299,"counter":93,"attributes":[["http2.header_length",33554497]]},"event_2":{"timestamp":1682586589.320299,"counter":93,"attributes":[["http2.header_method",131]]}}
10,0,"",1682586589,97,"detected","attack","5G Http2 DoS attack Recognition",{"event_1":{"timestamp":1682586589.320310,"counter":94,"attributes":[["http2.header_length",44564736]]},"event_2":{"timestamp":1682586589.320310,"counter":94,"attributes":[["http2.header_method",192]]}}
10,0,"",1682586589,97,"detected","attack","5G Http2 DoS attack Recognition",{"event_1":{"timestamp":1682586589.320324,"counter":95,"attributes":[["http2.header_length",671088705]]},"event_2":{"timestamp":1682586589.320324,"counter":95,"attributes":[["http2.header_method",131]]}}
10,0,"",1682586589,97,"detected","attack","5G Http2 DoS attack Recognition",{"event_1":{"timestamp":1682586589.320328,"counter":96,"attributes":[["http2.header_length",671088705]]},"event_2":{"timestamp":1682586589.320328,"counter":96,"attributes":[["http2.header_method",131]]}}
10,0,"",1682586589,97,"detected","attack","5G Http2 DoS attack Recognition",{"event_1":{"timestamp":1682586589.320331,"counter":97,"attributes":[["http2.header_length",671088705]]},"event_2":{"timestamp":1682586589.320331,"counter":97,"attributes":[["http2.header_method",131]]}}
10,0,"",1682586589,97,"detected","attack","5G Http2 DoS attack Recognition",{"event_1":{"timestamp":1682586589.320334,"counter":98,"attributes":[["http2.header_length",671088705]]},"event_2":{"timestamp":1682586589.320334,"counter":98,"attributes":[["http2.header_method",131]]}}
10,0,"",1682586589,97,"detected","attack","5G Http2 DoS attack Recognition",{"event_1":{"timestamp":1682586589.320338,"counter":99,"attributes":[["http2.header_length",671088705]]},"event_2":{"timestamp":1682586589.320338,"counter":99,"attributes":[["http2.header_method",131]]}}
10,0,"",1682586589,97,"detected","attack","5G Http2 DoS attack Recognition",{"event_1":{"timestamp":1682586589.320342,"counter":100,"attributes":[["http2.header_length",671088705]]},"event_2":{"timestamp":1682586589.320342,"counter":100,"attributes":[["http2.header_method",131]]}}
10,0,"",1682586589,97,"detected","attack","5G Http2 DoS attack Recognition",{"event_1":{"timestamp":1682586589.320345,"counter":101,"attributes":[["http2.header_length",671088705]]},"event_2":{"timestamp":1682586589.320345,"counter":101,"attributes":[["http2.header_method",131]]}}
10,0,"",1682586589,97,"detected","attack","5G Http2 DoS attack Recognition",{"event_1":{"timestamp":1682586589.320348,"counter":102,"attributes":[["http2.header_length",671088705]]},"event_2":{"timestamp":1682586589.320348,"counter":102,"attributes":[["http2.header_method",131]]}}
10,0,"",1682586589,97,"detected","attack","5G Http2 DoS attack Recognition",{"event_1":{"timestamp":1682586589.320351,"counter":103,"attributes":[["http2.header_length",671088705]]},"event_2":{"timestamp":1682586589.320351,"counter":103,"attributes":[["http2.header_method",131]]}}
10,0,"",1682586589,97,"detected","attack","5G Http2 DoS attack Recognition",{"event_1":{"timestamp":1682586589.320354,"counter":104,"attributes":[["http2.header_length",671088705]]},"event_2":{"timestamp":1682586589.320354,"counter":104,"attributes":[["http2.header_method",131]]}}
10,0,"",1682586589,97,"detected","attack","5G Http2 DoS attack Recognition",{"event_1":{"timestamp":1682586589.330332,"counter":109,"attributes":[["http2.header_length",681082880]]},"event_2":{"timestamp":1682586589.330332,"counter":109,"attributes":[["http2.header_method",187]]}}
10,0,"",1682586589,97,"detected","attack","5G Http2 DoS attack Recognition",{"event_1":{"timestamp":1682586589.330363,"counter":110,"attributes":[["http2.header_length",838860865]]},"event_2":{"timestamp":1682586589.330363,"counter":110,"attributes":[["http2.header_method",131]]}}
10,0,"",1682586589,97,"detected","attack","5G Http2 DoS attack Recognition",{"event_1":{"timestamp":1682586589.330368,"counter":111,"attributes":[["http2.header_length",846427491]]},"event_2":{"timestamp":1682586589.330368,"counter":111,"attributes":[["http2.header_method",48]]}}
10,0,"",1682586589,97,"detected","attack","5G Http2 DoS attack Recognition",{"event_1":{"timestamp":1682586589.343780,"counter":114,"attributes":[["http2.header_length",838860828]]},"event_2":{"timestamp":1682586589.343780,"counter":114,"attributes":[["http2.header_method",63]]}}
10,0,"",1682586589,97,"detected","attack","5G Http2 DoS attack Recognition",{"event_1":{"timestamp":1682586589.347041,"counter":115,"attributes":[["http2.header_length",848855040]]},"event_2":{"timestamp":1682586589.347041,"counter":115,"attributes":[["http2.header_method",155]]}}
10,0,"",1682586589,97,"detected","attack","5G Http2 DoS attack Recognition",{"event_1":{"timestamp":1682586589.347103,"counter":116,"attributes":[["http2.header_length",1061504560]]},"event_2":{"timestamp":1682586589.347103,"counter":116,"attributes":[["http2.header_method",55]]}}
10,0,"",1682586589,97,"detected","attack","5G Http2 DoS attack Recognition",{"event_1":{"timestamp":1682586589.347110,"counter":117,"attributes":[["http2.header_length",1068251987]]},"event_2":{"timestamp":1682586589.347110,"counter":117,"attributes":[["http2.header_method",245]]}}
10,0,"",1682586589,97,"detected","attack","5G Http2 DoS attack Recognition",{"event_1":{"timestamp":1682586589.368245,"counter":128,"attributes":[["http2.header_length",1068251987]]},"event_2":{"timestamp":1682586589.368245,"counter":128,"attributes":[["http2.header_method",245]]}}
10,0,"",1682586589,97,"detected","attack","5G Http2 DoS attack Recognition",{"event_1":{"timestamp":1682586589.368253,"counter":129,"attributes":[["http2.header_length",2013265920]]},"event_2":{"timestamp":1682586589.368253,"counter":129,"attributes":[["http2.header_method",59]]}}
10,0,"",1682586589,97,"detected","attack","5G Http2 DoS attack Recognition",{"event_1":{"timestamp":1682586589.481955,"counter":152,"attributes":[["http2.header_length",1107296258]]},"event_2":{"timestamp":1682586589.481955,"counter":152,"attributes":[["http2.header_method",136]]}}
10,0,"",1682586589,97,"detected","attack","5G Http2 DoS attack Recognition",{"event_1":{"timestamp":1682586589.482053,"counter":153,"attributes":[["http2.header_length",1113931344]]},"event_2":{"timestamp":1682586589.482053,"counter":153,"attributes":[["http2.header_method",33]]}}
10,0,"",1682586589,97,"detected","attack","5G Http2 DoS attack Recognition",{"event_1":{"timestamp":1682586589.492897,"counter":154,"attributes":[["http2.header_length",1107296256]]},"event_2":{"timestamp":1682586589.492897,"counter":154,"attributes":[["http2.header_method",66]]}}
10,0,"",1682586589,97,"detected","attack","5G Http2 DoS attack Recognition",{"event_1":{"timestamp":1682586589.492967,"counter":155,"attributes":[["http2.header_length",3375575089]]},"event_2":{"timestamp":1682586589.492967,"counter":155,"attributes":[["http2.header_method",48]]}}
10,0,"",1682586589,97,"detected","attack","5G Http2 DoS attack Recognition",{"event_1":{"timestamp":1682586589.492974,"counter":156,"attributes":[["http2.header_length",3379455822]]},"event_2":{"timestamp":1682586589.492974,"counter":156,"attributes":[["http2.header_method",78]]}}
10,0,"",1682586589,97,"detected","attack","5G Http2 DoS attack Recognition",{"event_1":{"timestamp":1682586589.492983,"counter":157,"attributes":[["http2.header_length",3566764032]]},"event_2":{"timestamp":1682586589.492983,"counter":157,"attributes":[["http2.header_method",115]]}}
10,0,"",1682586589,97,"detected","attack","5G Http2 DoS attack Recognition",{"event_1":{"timestamp":1682586589.493016,"counter":158,"attributes":[["http2.header_length",3557015647]]},"event_2":{"timestamp":1682586589.493016,"counter":158,"attributes":[["http2.header_method",38]]}}
10,0,"",1682586589,97,"detected","attack","5G Http2 DoS attack Recognition",{"event_1":{"timestamp":1682586589.493021,"counter":159,"attributes":[["http2.header_length",3560454465]]},"event_2":{"timestamp":1682586589.493021,"counter":159,"attributes":[["http2.header_method",68]]}}
10,0,"",1682586589,97,"detected","attack","5G Http2 DoS attack Recognition",{"event_1":{"timestamp":1682586589.493025,"counter":160,"attributes":[["http2.header_length",3560058477]]},"event_2":{"timestamp":1682586589.493025,"counter":160,"attributes":[["http2.header_method",51]]}}
10,0,"",1682586589,97,"detected","attack","5G Http2 DoS attack Recognition",{"event_1":{"timestamp":1682586589.493030,"counter":161,"attributes":[["http2.header_length",3563939328]]},"event_2":{"timestamp":1682586589.493030,"counter":161,"attributes":[["http2.header_method",8]]}}
10,0,"",1682586589,97,"detected","attack","5G Http2 DoS attack Recognition",{"event_1":{"timestamp":1682586589.493032,"counter":162,"attributes":[["http2.header_length",3566764032]]},"event_2":{"timestamp":1682586589.493032,"counter":162,"attributes":[["http2.header_method",47]]}}
10,0,"",1682586589,97,"detected","attack","5G Http2 DoS attack Recognition",{"event_1":{"timestamp":1682586589.493071,"counter":163,"attributes":[["http2.header_length",3561178177]]},"event_2":{"timestamp":1682586589.493071,"counter":163,"attributes":[["http2.header_method",49]]}}
10,0,"",1682586589,97,"detected","attack","5G Http2 DoS attack Recognition",{"event_1":{"timestamp":1682586589.493076,"counter":164,"attributes":[["http2.header_length",3559030016]]},"event_2":{"timestamp":1682586589.493076,"counter":164,"attributes":[["http2.header_method",10]]}}
10,0,"",1682586589,97,"detected","attack","5G Http2 DoS attack Recognition",{"event_1":{"timestamp":1682586589.493080,"counter":165,"attributes":[["http2.header_length",3560579699]]},"event_2":{"timestamp":1682586589.493080,"counter":165,"attributes":[["http2.header_method",52]]}}
10,0,"",1682586589,97,"detected","attack","5G Http2 DoS attack Recognition",{"event_1":{"timestamp":1682586589.493084,"counter":166,"attributes":[["http2.header_length",3561178181]]},"event_2":{"timestamp":1682586589.493084,"counter":166,"attributes":[["http2.header_method",53]]}}
10,0,"",1682586589,97,"detected","attack","5G Http2 DoS attack Recognition",{"event_1":{"timestamp":1682586589.493089,"counter":167,"attributes":[["http2.header_length",3563246252]]},"event_2":{"timestamp":1682586589.493089,"counter":167,"attributes":[["http2.header_method",52]]}}
10,0,"",1682586589,97,"detected","attack","5G Http2 DoS attack Recognition",{"event_1":{"timestamp":1682586589.493132,"counter":169,"attributes":[["http2.header_length",3560058163]]},"event_2":{"timestamp":1682586589.493132,"counter":169,"attributes":[["http2.header_method",49]]}}
10,0,"",1682586589,97,"detected","attack","5G Http2 DoS attack Recognition",{"event_1":{"timestamp":1682586589.493136,"counter":170,"attributes":[["http2.header_length",3564530030]]},"event_2":{"timestamp":1682586589.493136,"counter":170,"attributes":[["http2.header_method",114]]}}
10,0,"",1682586589,97,"detected","attack","5G Http2 DoS attack Recognition",{"event_1":{"timestamp":1682586589.493216,"counter":171,"attributes":[["http2.header_length",3562479107]]},"event_2":{"timestamp":1682586589.493216,"counter":171,"attributes":[["http2.header_method",98]]}}
10,0,"",1682586589,97,"detected","attack","5G Http2 DoS attack Recognition",{"event_1":{"timestamp":1682586589.493224,"counter":172,"attributes":[["http2.header_length",3560322872]]},"event_2":{"timestamp":1682586589.493224,"counter":172,"attributes":[["http2.header_method",66]]}}
10,0,"",1682586589,97,"detected","attack","5G Http2 DoS attack Recognition",{"event_1":{"timestamp":1682586589.493229,"counter":173,"attributes":[["http2.header_length",3559927858]]},"event_2":{"timestamp":1682586589.493229,"counter":173,"attributes":[["http2.header_method",48]]}}
10,0,"",1682586589,97,"detected","attack","5G Http2 DoS attack Recognition",{"event_1":{"timestamp":1682586589.493237,"counter":174,"attributes":[["http2.header_length",3566764032]]},"event_2":{"timestamp":1682586589.493237,"counter":174,"attributes":[["http2.header_method",85]]}}
10,0,"",1682586589,97,"detected","attack","5G Http2 DoS attack Recognition",{"event_1":{"timestamp":1682586589.493283,"counter":176,"attributes":[["http2.header_length",3561046595]]},"event_2":{"timestamp":1682586589.493283,"counter":176,"attributes":[["http2.header_method",70]]}}
10,0,"",1682586589,97,"detected","attack","5G Http2 DoS attack Recognition",{"event_1":{"timestamp":1682586589.493292,"counter":178,"attributes":[["http2.header_length",3563659834]]},"event_2":{"timestamp":1682586589.493292,"counter":178,"attributes":[["http2.header_method",48]]}}
10,0,"",1682586589,97,"detected","attack","5G Http2 DoS attack Recognition",{"event_1":{"timestamp":1682586589.493296,"counter":179,"attributes":[["http2.header_length",3561046595]]},"event_2":{"timestamp":1682586589.493296,"counter":179,"attributes":[["http2.header_method",51]]}}
10,0,"",1682586589,97,"detected","attack","5G Http2 DoS attack Recognition",{"event_1":{"timestamp":1682586589.493299,"counter":180,"attributes":[["http2.header_length",3556769792]]},"event_2":{"timestamp":1682586589.493299,"counter":180,"attributes":[["http2.header_method",66]]}}
10,0,"",1682586589,97,"detected","attack","5G Http2 DoS attack Recognition",{"event_1":{"timestamp":1682586589.493330,"counter":181,"attributes":[["http2.header_length",3582910818]]},"event_2":{"timestamp":1682586589.493330,"counter":181,"attributes":[["http2.header_method",73]]}}
10,0,"",1682586589,97,"detected","attack","5G Http2 DoS attack Recognition",{"event_1":{"timestamp":1682586589.493332,"counter":182,"attributes":[["http2.header_length",3576508978]]},"event_2":{"timestamp":1682586589.493332,"counter":182,"attributes":[["http2.header_method",48]]}}
10,0,"",1682586589,97,"detected","attack","5G Http2 DoS attack Recognition",{"event_1":{"timestamp":1682586589.493335,"counter":183,"attributes":[["http2.header_length",3580195446]]},"event_2":{"timestamp":1682586589.493335,"counter":183,"attributes":[["http2.header_method",119]]}}
10,0,"",1682586589,97,"detected","attack","5G Http2 DoS attack Recognition",{"event_1":{"timestamp":1682586589.493337,"counter":184,"attributes":[["http2.header_length",3588982871]]},"event_2":{"timestamp":1682586589.493337,"counter":184,"attributes":[["http2.header_method",117]]}}
10,0,"",1682586589,97,"detected","attack","5G Http2 DoS attack Recognition",{"event_1":{"timestamp":1682586589.493340,"counter":185,"attributes":[["http2.header_length",3576968502]]},"event_2":{"timestamp":1682586589.493340,"counter":185,"attributes":[["http2.header_method",68]]}}
10,0,"",1682586589,97,"detected","attack","5G Http2 DoS attack Recognition",{"event_1":{"timestamp":1682586589.524876,"counter":186,"attributes":[["http2.header_length",3576968502]]},"event_2":{"timestamp":1682586589.524876,"counter":186,"attributes":[["http2.header_method",68]]}}
10,0,"",1682586589,97,"detected","attack","5G Http2 DoS attack Recognition",{"event_1":{"timestamp":1682586589.524886,"counter":187,"attributes":[["http2.header_length",2013265920]]},"event_2":{"timestamp":1682586589.524886,"counter":187,"attributes":[["http2.header_method",59]]}}
10,0,"",1682586589,97,"detected","attack","5G Http2 DoS attack Recognition",{"event_1":{"timestamp":1682586589.527786,"counter":188,"attributes":[["http2.header_length",4100875056]]},"event_2":{"timestamp":1682586589.527786,"counter":188,"attributes":[["http2.header_method",52]]}}
10,0,"",1682586589,97,"detected","attack","5G Http2 DoS attack Recognition",{"event_1":{"timestamp":1682586589.527804,"counter":190,"attributes":[["http2.header_length",4097325377]]},"event_2":{"timestamp":1682586589.527804,"counter":190,"attributes":[["http2.header_method",68]]}}
10,0,"",1682586589,97,"detected","attack","5G Http2 DoS attack Recognition",{"event_1":{"timestamp":1682586589.527809,"counter":191,"attributes":[["http2.header_length",4096683890]]},"event_2":{"timestamp":1682586589.527809,"counter":191,"attributes":[["http2.header_method",1]]}}
10,0,"",1682586589,97,"detected","attack","5G Http2 DoS attack Recognition",{"event_1":{"timestamp":1682586589.527814,"counter":192,"attributes":[["http2.header_length",4101333865]]},"event_2":{"timestamp":1682586589.527814,"counter":192,"attributes":[["http2.header_method",105]]}}
10,0,"",1682586589,97,"detected","attack","5G Http2 DoS attack Recognition",{"event_1":{"timestamp":1682586589.527818,"counter":193,"attributes":[["http2.header_length",4098049089]]},"event_2":{"timestamp":1682586589.527818,"counter":193,"attributes":[["http2.header_method",49]]}}
10,0,"",1682586589,97,"detected","attack","5G Http2 DoS attack Recognition",{"event_1":{"timestamp":1682586589.527822,"counter":194,"attributes":[["http2.header_length",4104756622]]},"event_2":{"timestamp":1682586589.527822,"counter":194,"attributes":[["http2.header_method",57]]}}
10,0,"",1682586589,97,"detected","attack","5G Http2 DoS attack Recognition",{"event_1":{"timestamp":1682586589.527827,"counter":195,"attributes":[["http2.header_length",4096602413]]},"event_2":{"timestamp":1682586589.527827,"counter":195,"attributes":[["http2.header_method",48]]}}
10,0,"",1682586589,97,"detected","attack","5G Http2 DoS attack Recognition",{"event_1":{"timestamp":1682586589.527831,"counter":196,"attributes":[["http2.header_length",4095898469]]},"event_2":{"timestamp":1682586589.527831,"counter":196,"attributes":[["http2.header_method",101]]}}
10,0,"",1682586589,97,"detected","attack","5G Http2 DoS attack Recognition",{"event_1":{"timestamp":1682586589.527835,"counter":197,"attributes":[["http2.header_length",4096711659]]},"event_2":{"timestamp":1682586589.527835,"counter":197,"attributes":[["http2.header_method",139]]}}
10,0,"",1682586589,97,"detected","attack","5G Http2 DoS attack Recognition",{"event_1":{"timestamp":1682586589.527839,"counter":198,"attributes":[["http2.header_length",4096930612]]},"event_2":{"timestamp":1682586589.527839,"counter":198,"attributes":[["http2.header_method",66]]}}
10,0,"",1682586589,97,"detected","attack","5G Http2 DoS attack Recognition",{"event_1":{"timestamp":1682586589.527843,"counter":199,"attributes":[["http2.header_length",4097469806]]},"event_2":{"timestamp":1682586589.527843,"counter":199,"attributes":[["http2.header_method",99]]}}
10,0,"",1682586589,97,"detected","attack","5G Http2 DoS attack Recognition",{"event_1":{"timestamp":1682586589.527849,"counter":201,"attributes":[["http2.header_length",4097193784]]},"event_2":{"timestamp":1682586589.527849,"counter":201,"attributes":[["http2.header_method",66]]}}
10,0,"",1682586589,97,"detected","attack","5G Http2 DoS attack Recognition",{"event_1":{"timestamp":1682586589.527855,"counter":203,"attributes":[["http2.header_length",4101133173]]},"event_2":{"timestamp":1682586589.527855,"counter":203,"attributes":[["http2.header_method",117]]}}
10,0,"",1682586589,97,"detected","attack","5G Http2 DoS attack Recognition",{"event_1":{"timestamp":1682586589.527858,"counter":204,"attributes":[["http2.header_length",4097917507]]},"event_2":{"timestamp":1682586589.527858,"counter":204,"attributes":[["http2.header_method",70]]}}
10,0,"",1682586589,97,"detected","attack","5G Http2 DoS attack Recognition",{"event_1":{"timestamp":1682586589.527861,"counter":205,"attributes":[["http2.header_length",4099284393]]},"event_2":{"timestamp":1682586589.527861,"counter":205,"attributes":[["http2.header_method",59]]}}
10,0,"",1682586589,97,"detected","attack","5G Http2 DoS attack Recognition",{"event_1":{"timestamp":1682586589.527864,"counter":206,"attributes":[["http2.header_length",4096996397]]},"event_2":{"timestamp":1682586589.527864,"counter":206,"attributes":[["http2.header_method",48]]}}
10,0,"",1682586589,97,"detected","attack","5G Http2 DoS attack Recognition",{"event_1":{"timestamp":1682586589.527868,"counter":207,"attributes":[["http2.header_length",4095880226]]},"event_2":{"timestamp":1682586589.527868,"counter":207,"attributes":[["http2.header_method",103]]}}
10,0,"",1682586589,97,"detected","attack","5G Http2 DoS attack Recognition",{"event_1":{"timestamp":1682586589.527871,"counter":208,"attributes":[["http2.header_length",4099681838]]},"event_2":{"timestamp":1682586589.527871,"counter":208,"attributes":[["http2.header_method",192]]}}
10,0,"",1682586589,97,"detected","attack","5G Http2 DoS attack Recognition",{"event_1":{"timestamp":1682586589.527872,"counter":209,"attributes":[["http2.header_length",4103634944]]},"event_2":{"timestamp":1682586589.527872,"counter":209,"attributes":[["http2.header_method",205]]}}
10,0,"",1682586589,97,"detected","attack","5G Http2 DoS attack Recognition",{"event_1":{"timestamp":1682586589.527884,"counter":210,"attributes":[["http2.header_length",4103602176]]},"event_2":{"timestamp":1682586589.527884,"counter":210,"attributes":[["http2.header_method",232]]}}
10,0,"",1682586589,97,"detected","attack","5G Http2 DoS attack Recognition",{"event_1":{"timestamp":1682586589.527886,"counter":211,"attributes":[["http2.header_length",4103634944]]},"event_2":{"timestamp":1682586589.527886,"counter":211,"attributes":[["http2.header_method",251]]}}
10,0,"",1682586589,97,"detected","attack","5G Http2 DoS attack Recognition",{"event_1":{"timestamp":1682586589.527892,"counter":212,"attributes":[["http2.header_length",4093640704]]},"event_2":{"timestamp":1682586589.527892,"counter":212,"attributes":[["http2.header_method",2]]}}
10,0,"",1682586589,97,"detected","attack","5G Http2 DoS attack Recognition",{"event_1":{"timestamp":1682586589.527898,"counter":214,"attributes":[["http2.header_length",4103602176]]},"event_2":{"timestamp":1682586589.527898,"counter":214,"attributes":[["http2.header_method",26]]}}
10,0,"",1682586589,97,"detected","attack","5G Http2 DoS attack Recognition",{"event_1":{"timestamp":1682586589.527899,"counter":215,"attributes":[["http2.header_length",4103634944]]},"event_2":{"timestamp":1682586589.527899,"counter":215,"attributes":[["http2.header_method",44]]}}
10,0,"",1682586589,97,"detected","attack","5G Http2 DoS attack Recognition",{"event_1":{"timestamp":1682586589.527904,"counter":216,"attributes":[["http2.header_length",4103602176]]},"event_2":{"timestamp":1682586589.527904,"counter":216,"attributes":[["http2.header_method",50]]}}
10,0,"",1682586589,97,"detected","attack","5G Http2 DoS attack Recognition",{"event_1":{"timestamp":1682586589.527905,"counter":217,"attributes":[["http2.header_length",4103634944]]},"event_2":{"timestamp":1682586589.527905,"counter":217,"attributes":[["http2.header_method",69]]}}
10,0,"",1682586589,97,"detected","attack","5G Http2 DoS attack Recognition",{"event_1":{"timestamp":1682586589.527912,"counter":218,"attributes":[["http2.header_length",4147130674]]},"event_2":{"timestamp":1682586589.527912,"counter":218,"attributes":[["http2.header_method",57]]}}
10,0,"",1682586589,97,"detected","attack","5G Http2 DoS attack Recognition",{"event_1":{"timestamp":1682586589.527915,"counter":219,"attributes":[["http2.header_length",4147463994]]},"event_2":{"timestamp":1682586589.527915,"counter":219,"attributes":[["http2.header_method",46]]}}
10,0,"",1682586589,97,"detected","attack","5G Http2 DoS attack Recognition",{"event_1":{"timestamp":1682586589.527918,"counter":220,"attributes":[["http2.header_length",4144825137]]},"event_2":{"timestamp":1682586589.527918,"counter":220,"attributes":[["http2.header_method",102]]}}
10,0,"",1682586589,97,"detected","attack","5G Http2 DoS attack Recognition",{"event_1":{"timestamp":1682586589.527920,"counter":221,"attributes":[["http2.header_length",4147393846]]},"event_2":{"timestamp":1682586589.527920,"counter":221,"attributes":[["http2.header_method",68]]}}
10,0,"",1682586589,97,"detected","attack","5G Http2 DoS attack Recognition",{"event_1":{"timestamp":1682586589.527924,"counter":222,"attributes":[["http2.header_length",4151799666]]},"event_2":{"timestamp":1682586589.527924,"counter":222,"attributes":[["http2.header_method",125]]}}
10,0,"",1682586589,97,"detected","attack","5G Http2 DoS attack Recognition",{"event_1":{"timestamp":1682586589.527926,"counter":223,"attributes":[["http2.header_length",4150873970]]},"event_2":{"timestamp":1682586589.527926,"counter":223,"attributes":[["http2.header_method",34]]}}
10,0,"",1682586589,97,"detected","attack","5G Http2 DoS attack Recognition",{"event_1":{"timestamp":1682586589.558486,"counter":224,"attributes":[["http2.header_length",4150873970]]},"event_2":{"timestamp":1682586589.558486,"counter":224,"attributes":[["http2.header_method",34]]}}
10,0,"",1682586589,97,"detected","attack","5G Http2 DoS attack Recognition",{"event_1":{"timestamp":1682586589.558496,"counter":225,"attributes":[["http2.header_length",2013265920]]},"event_2":{"timestamp":1682586589.558496,"counter":225,"attributes":[["http2.header_method",59]]}}
10,0,"",1682586589,97,"detected","attack","5G Http2 DoS attack Recognition",{"event_1":{"timestamp":1682586589.558664,"counter":228,"attributes":[["http2.header_length",372783425]]},"event_2":{"timestamp":1682586589.558664,"counter":228,"attributes":[["http2.header_method",68]]}}
10,0,"",1682586589,97,"detected","attack","5G Http2 DoS attack Recognition",{"event_1":{"timestamp":1682586589.558671,"counter":229,"attributes":[["http2.header_length",383420758]]},"event_2":{"timestamp":1682586589.558671,"counter":229,"attributes":[["http2.header_method",210]]}}
10,0,"",1682586589,97,"detected","attack","5G Http2 DoS attack Recognition",{"event_1":{"timestamp":1682586589.558675,"counter":230,"attributes":[["http2.header_length",372322867]]},"event_2":{"timestamp":1682586589.558675,"counter":230,"attributes":[["http2.header_method",45]]}}
10,0,"",1682586589,97,"detected","attack","5G Http2 DoS attack Recognition",{"event_1":{"timestamp":1682586589.558678,"counter":231,"attributes":[["http2.header_length",372323874]]},"event_2":{"timestamp":1682586589.558678,"counter":231,"attributes":[["http2.header_method",105]]}}
10,0,"",1682586589,97,"detected","attack","5G Http2 DoS attack Recognition",{"event_1":{"timestamp":1682586589.558682,"counter":232,"attributes":[["http2.header_length",369861212]]},"event_2":{"timestamp":1682586589.558682,"counter":232,"attributes":[["http2.header_method",30]]}}
10,0,"",1682586589,97,"detected","attack","5G Http2 DoS attack Recognition",{"event_1":{"timestamp":1682586589.558685,"counter":233,"attributes":[["http2.header_length",373638704]]},"event_2":{"timestamp":1682586589.558685,"counter":233,"attributes":[["http2.header_method",55]]}}
10,0,"",1682586589,97,"detected","attack","5G Http2 DoS attack Recognition",{"event_1":{"timestamp":1682586589.558688,"counter":234,"attributes":[["http2.header_length",372908597]]},"event_2":{"timestamp":1682586589.558688,"counter":234,"attributes":[["http2.header_method",48]]}}
10,0,"",1682586589,97,"detected","attack","5G Http2 DoS attack Recognition",{"event_1":{"timestamp":1682586589.558690,"counter":235,"attributes":[["http2.header_length",384438029]]},"event_2":{"timestamp":1682586589.558690,"counter":235,"attributes":[["http2.header_method",97]]}}
10,0,"",1682586589,97,"detected","attack","5G Http2 DoS attack Recognition",{"event_1":{"timestamp":1682586589.599931,"counter":246,"attributes":[["http2.header_length",384438029]]},"event_2":{"timestamp":1682586589.599931,"counter":246,"attributes":[["http2.header_method",97]]}}
10,0,"",1682586589,97,"detected","attack","5G Http2 DoS attack Recognition",{"event_1":{"timestamp":1682586589.600795,"counter":247,"attributes":[["http2.header_length",2013265920]]},"event_2":{"timestamp":1682586589.600795,"counter":247,"attributes":[["http2.header_method",59]]}}
10,0,"",1682586589,97,"detected","attack","5G Http2 DoS attack Recognition",{"event_1":{"timestamp":1682586589.600832,"counter":248,"attributes":[["http2.header_length",1060254516]]},"event_2":{"timestamp":1682586589.600832,"counter":248,"attributes":[["http2.header_method",66]]}}
10,0,"",1682586589,97,"detected","attack","5G Http2 DoS attack Recognition",{"event_1":{"timestamp":1682586589.600838,"counter":249,"attributes":[["http2.header_length",1063613559]]},"event_2":{"timestamp":1682586589.600838,"counter":249,"attributes":[["http2.header_method",103]]}}
10,0,"",1682586589,97,"detected","attack","5G Http2 DoS attack Recognition",{"event_1":{"timestamp":1682586589.600842,"counter":250,"attributes":[["http2.header_length",1064661097]]},"event_2":{"timestamp":1682586589.600842,"counter":250,"attributes":[["http2.header_method",34]]}}
10,0,"",1682586589,97,"detected","attack","5G Http2 DoS attack Recognition",{"event_1":{"timestamp":1682586589.600845,"counter":251,"attributes":[["http2.header_length",1060517688]]},"event_2":{"timestamp":1682586589.600845,"counter":251,"attributes":[["http2.header_method",66]]}}
10,0,"",1682586589,97,"detected","attack","5G Http2 DoS attack Recognition",{"event_1":{"timestamp":1682586589.640065,"counter":260,"attributes":[["http2.header_length",1060517688]]},"event_2":{"timestamp":1682586589.640065,"counter":260,"attributes":[["http2.header_method",66]]}}
10,0,"",1682586589,97,"detected","attack","5G Http2 DoS attack Recognition",{"event_1":{"timestamp":1682586589.640075,"counter":261,"attributes":[["http2.header_length",2013265920]]},"event_2":{"timestamp":1682586589.640075,"counter":261,"attributes":[["http2.header_method",59]]}}
10,0,"",1682586589,97,"detected","attack","5G Http2 DoS attack Recognition",{"event_1":{"timestamp":1682586589.640094,"counter":262,"attributes":[["http2.header_length",1734517210]]},"event_2":{"timestamp":1682586589.640094,"counter":262,"attributes":[["http2.header_method",225]]}}
10,0,"",1682586589,97,"detected","attack","5G Http2 DoS attack Recognition",{"event_1":{"timestamp":1682586589.643640,"counter":263,"attributes":[["http2.header_length",1731341617]]},"event_2":{"timestamp":1682586589.643640,"counter":263,"attributes":[["http2.header_method",50]]}}
10,0,"",1682586589,97,"detected","attack","5G Http2 DoS attack Recognition",{"event_1":{"timestamp":1682586589.689076,"counter":264,"attributes":[["http2.header_length",1728053250]]},"event_2":{"timestamp":1682586589.689076,"counter":264,"attributes":[["http2.header_method",136]]}}
10,0,"",1682586589,97,"detected","attack","5G Http2 DoS attack Recognition",{"event_1":{"timestamp":1682586589.689164,"counter":265,"attributes":[["http2.header_length",1735852032]]},"event_2":{"timestamp":1682586589.689164,"counter":265,"attributes":[["http2.header_method",116]]}}
10,0,"",1682586589,97,"detected","attack","5G Http2 DoS attack Recognition",{"event_1":{"timestamp":1682586589.690766,"counter":266,"attributes":[["http2.header_length",1735852032]]},"event_2":{"timestamp":1682586589.690766,"counter":266,"attributes":[["http2.header_method",116]]}}
10,0,"",1682586589,97,"detected","attack","5G Http2 DoS attack Recognition",{"event_1":{"timestamp":1682586589.690773,"counter":267,"attributes":[["http2.header_length",3154116608]]},"event_2":{"timestamp":1682586589.690773,"counter":267,"attributes":[["http2.header_method",59]]}}
10,0,"",1682586589,97,"detected","attack","5G Http2 DoS attack Recognition",{"event_1":{"timestamp":1682586589.709575,"counter":268,"attributes":[["http2.header_length",2593685504]]},"event_2":{"timestamp":1682586589.709575,"counter":268,"attributes":[["http2.header_method",118]]}}
10,0,"",1682586589,97,"detected","attack","5G Http2 DoS attack Recognition",{"event_1":{"timestamp":1682586589.709693,"counter":269,"attributes":[["http2.header_length",2906735153]]},"event_2":{"timestamp":1682586589.709693,"counter":269,"attributes":[["http2.header_method",114]]}}
10,0,"",1682586589,97,"detected","attack","5G Http2 DoS attack Recognition",{"event_1":{"timestamp":1682586589.709697,"counter":270,"attributes":[["http2.header_length",2906754059]]},"event_2":{"timestamp":1682586589.709697,"counter":270,"attributes":[["http2.header_method",136]]}}
10,0,"",1682586589,97,"detected","attack","5G Http2 DoS attack Recognition",{"event_1":{"timestamp":1682586589.709701,"counter":271,"attributes":[["http2.header_length",2906866757]]},"event_2":{"timestamp":1682586589.709701,"counter":271,"attributes":[["http2.header_method",53]]}}
10,0,"",1682586589,97,"detected","attack","5G Http2 DoS attack Recognition",{"event_1":{"timestamp":1682586589.709704,"counter":272,"attributes":[["http2.header_length",2909086266]]},"event_2":{"timestamp":1682586589.709704,"counter":272,"attributes":[["http2.header_method",99]]}}
10,0,"",1682586589,97,"detected","attack","5G Http2 DoS attack Recognition",{"event_1":{"timestamp":1682586589.709707,"counter":273,"attributes":[["http2.header_length",2910077418]]},"event_2":{"timestamp":1682586589.709707,"counter":273,"attributes":[["http2.header_method",122]]}}
10,0,"",1682586589,97,"detected","attack","5G Http2 DoS attack Recognition",{"event_1":{"timestamp":1682586589.709710,"counter":274,"attributes":[["http2.header_length",2905616690]]},"event_2":{"timestamp":1682586589.709710,"counter":274,"attributes":[["http2.header_method",57]]}}
10,0,"",1682586589,97,"detected","attack","5G Http2 DoS attack Recognition",{"event_1":{"timestamp":1682586589.709713,"counter":275,"attributes":[["http2.header_length",2909826661]]},"event_2":{"timestamp":1682586589.709713,"counter":275,"attributes":[["http2.header_method",111]]}}
10,0,"",1682586589,97,"detected","attack","5G Http2 DoS attack Recognition",{"event_1":{"timestamp":1682586589.709717,"counter":276,"attributes":[["http2.header_length",2904716149]]},"event_2":{"timestamp":1682586589.709717,"counter":276,"attributes":[["http2.header_method",99]]}}
10,0,"",1682586589,97,"detected","attack","5G Http2 DoS attack Recognition",{"event_1":{"timestamp":1682586589.709720,"counter":277,"attributes":[["http2.header_length",2905879862]]},"event_2":{"timestamp":1682586589.709720,"counter":277,"attributes":[["http2.header_method",68]]}}
10,0,"",1682586589,97,"detected","attack","5G Http2 DoS attack Recognition",{"event_1":{"timestamp":1682586589.709724,"counter":278,"attributes":[["http2.header_length",2902759266]]},"event_2":{"timestamp":1682586589.709724,"counter":278,"attributes":[["http2.header_method",157]]}}
10,0,"",1682586589,97,"detected","attack","5G Http2 DoS attack Recognition",{"event_1":{"timestamp":1682586589.709728,"counter":279,"attributes":[["http2.header_length",2905419826]]},"event_2":{"timestamp":1682586589.709728,"counter":279,"attributes":[["http2.header_method",49]]}}
10,0,"",1682586589,97,"detected","attack","5G Http2 DoS attack Recognition",{"event_1":{"timestamp":1682586589.709731,"counter":280,"attributes":[["http2.header_length",2906143041]]},"event_2":{"timestamp":1682586589.709731,"counter":280,"attributes":[["http2.header_method",115]]}}
10,0,"",1682586589,97,"detected","attack","5G Http2 DoS attack Recognition",{"event_1":{"timestamp":1682586589.709734,"counter":281,"attributes":[["http2.header_length",2905880112]]},"event_2":{"timestamp":1682586589.709734,"counter":281,"attributes":[["http2.header_method",48]]}}
10,0,"",1682586589,97,"detected","attack","5G Http2 DoS attack Recognition",{"event_1":{"timestamp":1682586589.709737,"counter":282,"attributes":[["http2.header_length",2905433185]]},"event_2":{"timestamp":1682586589.709737,"counter":282,"attributes":[["http2.header_method",116]]}}
10,0,"",1682586589,97,"detected","attack","5G Http2 DoS attack Recognition",{"event_1":{"timestamp":1682586589.709740,"counter":283,"attributes":[["http2.header_length",2914979597]]},"event_2":{"timestamp":1682586589.709740,"counter":283,"attributes":[["http2.header_method",1]]}}
10,0,"",1682586589,97,"detected","attack","5G Http2 DoS attack Recognition",{"event_1":{"timestamp":1682586589.709742,"counter":284,"attributes":[["http2.header_length",2906075694]]},"event_2":{"timestamp":1682586589.709742,"counter":284,"attributes":[["http2.header_method",50]]}}
10,0,"",1682586589,97,"detected","attack","5G Http2 DoS attack Recognition",{"event_1":{"timestamp":1682586589.709745,"counter":285,"attributes":[["http2.header_length",2905618480]]},"event_2":{"timestamp":1682586589.709745,"counter":285,"attributes":[["http2.header_method",115]]}}
10,0,"",1682586589,97,"detected","attack","5G Http2 DoS attack Recognition",{"event_1":{"timestamp":1682586589.709748,"counter":286,"attributes":[["http2.header_length",2913231531]]},"event_2":{"timestamp":1682586589.709748,"counter":286,"attributes":[["http2.header_method",196]]}}
10,0,"",1682586589,97,"detected","attack","5G Http2 DoS attack Recognition",{"event_1":{"timestamp":1682586589.709751,"counter":287,"attributes":[["http2.header_length",2905618996]]},"event_2":{"timestamp":1682586589.709751,"counter":287,"attributes":[["http2.header_method",44]]}}
10,0,"",1682586589,97,"detected","attack","5G Http2 DoS attack Recognition",{"event_1":{"timestamp":1682586589.709755,"counter":288,"attributes":[["http2.header_length",2909103186]]},"event_2":{"timestamp":1682586589.709755,"counter":288,"attributes":[["http2.header_method",101]]}}
10,0,"",1682586589,97,"detected","attack","5G Http2 DoS attack Recognition",{"event_1":{"timestamp":1682586589.709758,"counter":289,"attributes":[["http2.header_length",2905813041]]},"event_2":{"timestamp":1682586589.709758,"counter":289,"attributes":[["http2.header_method",47]]}}
10,0,"",1682586589,97,"detected","attack","5G Http2 DoS attack Recognition",{"event_1":{"timestamp":1682586589.709760,"counter":290,"attributes":[["http2.header_length",2906140001]]},"event_2":{"timestamp":1682586589.709760,"counter":290,"attributes":[["http2.header_method",97]]}}
10,0,"",1682586589,97,"detected","attack","5G Http2 DoS attack Recognition",{"event_1":{"timestamp":1682586589.709770,"counter":291,"attributes":[["http2.header_length",2912452608]]},"event_2":{"timestamp":1682586589.709770,"counter":291,"attributes":[["http2.header_method",95]]}}
10,0,"",1682586589,97,"detected","attack","5G Http2 DoS attack Recognition",{"event_1":{"timestamp":1682586589.709819,"counter":292,"attributes":[["http2.header_length",2909039917]]},"event_2":{"timestamp":1682586589.709819,"counter":292,"attributes":[["http2.header_method",105]]}}
10,0,"",1682586589,97,"detected","attack","5G Http2 DoS attack Recognition",{"event_1":{"timestamp":1682586589.709823,"counter":293,"attributes":[["http2.header_length",2905746993]]},"event_2":{"timestamp":1682586589.709823,"counter":293,"attributes":[["http2.header_method",51]]}}
10,0,"",1682586589,97,"detected","attack","5G Http2 DoS attack Recognition",{"event_1":{"timestamp":1682586589.709826,"counter":294,"attributes":[["http2.header_length",2910528110]]},"event_2":{"timestamp":1682586589.709826,"counter":294,"attributes":[["http2.header_method",110]]}}
10,0,"",1682586589,97,"detected","attack","5G Http2 DoS attack Recognition",{"event_1":{"timestamp":1682586589.709828,"counter":295,"attributes":[["http2.header_length",2905566837]]},"event_2":{"timestamp":1682586589.709828,"counter":295,"attributes":[["http2.header_method",47]]}}
10,0,"",1682586589,97,"detected","attack","5G Http2 DoS attack Recognition",{"event_1":{"timestamp":1682586589.709831,"counter":296,"attributes":[["http2.header_length",2909631337]]},"event_2":{"timestamp":1682586589.709831,"counter":296,"attributes":[["http2.header_method",48]]}}
10,0,"",1682586589,97,"detected","attack","5G Http2 DoS attack Recognition",{"event_1":{"timestamp":1682586589.709833,"counter":297,"attributes":[["http2.header_length",2906678273]]},"event_2":{"timestamp":1682586589.709833,"counter":297,"attributes":[["http2.header_method",74]]}}
10,0,"",1682586589,97,"detected","attack","5G Http2 DoS attack Recognition",{"event_1":{"timestamp":1682586589.709835,"counter":298,"attributes":[["http2.header_length",2908973906]]},"event_2":{"timestamp":1682586589.709835,"counter":298,"attributes":[["http2.header_method",99]]}}
10,0,"",1682586589,97,"detected","attack","5G Http2 DoS attack Recognition",{"event_1":{"timestamp":1682586589.709839,"counter":299,"attributes":[["http2.header_length",2904713332]]},"event_2":{"timestamp":1682586589.709839,"counter":299,"attributes":[["http2.header_method",55]]}}
10,0,"",1682586589,97,"detected","attack","5G Http2 DoS attack Recognition",{"event_1":{"timestamp":1682586589.709841,"counter":300,"attributes":[["http2.header_length",2909102964]]},"event_2":{"timestamp":1682586589.709841,"counter":300,"attributes":[["http2.header_method",93]]}}
10,0,"",1682586589,97,"detected","attack","5G Http2 DoS attack Recognition",{"event_1":{"timestamp":1682586589.786799,"counter":305,"attributes":[["http2.header_length",2912452608]]},"event_2":{"timestamp":1682586589.786799,"counter":305,"attributes":[["http2.header_method",240]]}}
10,0,"",1682586589,97,"detected","attack","5G Http2 DoS attack Recognition",{"event_1":{"timestamp":1682586589.786927,"counter":306,"attributes":[["http2.header_length",2909102964]]},"event_2":{"timestamp":1682586589.786927,"counter":306,"attributes":[["http2.header_method",93]]}}
10,0,"",1682586589,97,"detected","attack","5G Http2 DoS attack Recognition",{"event_1":{"timestamp":1682586589.786935,"counter":307,"attributes":[["http2.header_length",4200953968]]},"event_2":{"timestamp":1682586589.786935,"counter":307,"attributes":[["http2.header_method",34]]}}
10,0,"",1682586589,97,"detected","attack","5G Http2 DoS attack Recognition",{"event_1":{"timestamp":1682586589.786942,"counter":308,"attributes":[["http2.header_length",4201541492]]},"event_2":{"timestamp":1682586589.786942,"counter":308,"attributes":[["http2.header_method",105]]}}
10,0,"",1682586589,97,"detected","attack","5G Http2 DoS attack Recognition",{"event_1":{"timestamp":1682586589.786945,"counter":309,"attributes":[["http2.header_length",4201997421]]},"event_2":{"timestamp":1682586589.786945,"counter":309,"attributes":[["http2.header_method",50]]}}
10,0,"",1682586589,97,"detected","attack","5G Http2 DoS attack Recognition",{"event_1":{"timestamp":1682586589.786949,"counter":310,"attributes":[["http2.header_length",4197855844]]},"event_2":{"timestamp":1682586589.786949,"counter":310,"attributes":[["http2.header_method",98]]}}
10,0,"",1682586589,97,"detected","attack","5G Http2 DoS attack Recognition",{"event_1":{"timestamp":1682586589.786953,"counter":311,"attributes":[["http2.header_length",4201213299]]},"event_2":{"timestamp":1682586589.786953,"counter":311,"attributes":[["http2.header_method",50]]}}
10,0,"",1682586589,97,"detected","attack","5G Http2 DoS attack Recognition",{"event_1":{"timestamp":1682586589.786957,"counter":312,"attributes":[["http2.header_length",4197462319]]},"event_2":{"timestamp":1682586589.786957,"counter":312,"attributes":[["http2.header_method",97]]}}
10,0,"",1682586589,97,"detected","attack","5G Http2 DoS attack Recognition",{"event_1":{"timestamp":1682586589.786960,"counter":313,"attributes":[["http2.header_length",4196312191]]},"event_2":{"timestamp":1682586589.786960,"counter":313,"attributes":[["http2.header_method",51]]}}
10,0,"",1682586589,97,"detected","attack","5G Http2 DoS attack Recognition",{"event_1":{"timestamp":1682586589.786964,"counter":314,"attributes":[["http2.header_length",4201658927]]},"event_2":{"timestamp":1682586589.786964,"counter":314,"attributes":[["http2.header_method",54]]}}
10,0,"",1682586589,97,"detected","attack","5G Http2 DoS attack Recognition",{"event_1":{"timestamp":1682586589.786967,"counter":315,"attributes":[["http2.header_length",4197332787]]},"event_2":{"timestamp":1682586589.786967,"counter":315,"attributes":[["http2.header_method",110]]}}
10,0,"",1682586589,97,"detected","attack","5G Http2 DoS attack Recognition",{"event_1":{"timestamp":1682586589.786971,"counter":316,"attributes":[["http2.header_length",4194308265]]},"event_2":{"timestamp":1682586589.786971,"counter":316,"attributes":[["http2.header_method",165]]}}
10,0,"",1682586589,97,"detected","attack","5G Http2 DoS attack Recognition",{"event_1":{"timestamp":1682586589.786974,"counter":317,"attributes":[["http2.header_length",4197265975]]},"event_2":{"timestamp":1682586589.786974,"counter":317,"attributes":[["http2.header_method",58]]}}
10,0,"",1682586589,97,"detected","attack","5G Http2 DoS attack Recognition",{"event_1":{"timestamp":1682586589.786977,"counter":318,"attributes":[["http2.header_length",4201539956]]},"event_2":{"timestamp":1682586589.786977,"counter":318,"attributes":[["http2.header_method",115]]}}
10,0,"",1682586589,97,"detected","attack","5G Http2 DoS attack Recognition",{"event_1":{"timestamp":1682586589.786980,"counter":319,"attributes":[["http2.header_length",4197855280]]},"event_2":{"timestamp":1682586589.786980,"counter":319,"attributes":[["http2.header_method",48]]}}
10,0,"",1682586589,97,"detected","attack","5G Http2 DoS attack Recognition",{"event_1":{"timestamp":1682586589.786984,"counter":320,"attributes":[["http2.header_length",4200738104]]},"event_2":{"timestamp":1682586589.786984,"counter":320,"attributes":[["http2.header_method",48]]}}
10,0,"",1682586589,97,"detected","attack","5G Http2 DoS attack Recognition",{"event_1":{"timestamp":1682586589.786986,"counter":321,"attributes":[["http2.header_length",4197462065]]},"event_2":{"timestamp":1682586589.786986,"counter":321,"attributes":[["http2.header_method",117]]}}
10,0,"",1682586589,97,"detected","attack","5G Http2 DoS attack Recognition",{"event_1":{"timestamp":1682586589.786989,"counter":322,"attributes":[["http2.header_length",4198117167]]},"event_2":{"timestamp":1682586589.786989,"counter":322,"attributes":[["http2.header_method",46]]}}
10,0,"",1682586589,97,"detected","attack","5G Http2 DoS attack Recognition",{"event_1":{"timestamp":1682586589.786992,"counter":323,"attributes":[["http2.header_length",4194369536]]},"event_2":{"timestamp":1682586589.786992,"counter":323,"attributes":[["http2.header_method",73]]}}
10,0,"",1682586589,97,"detected","attack","5G Http2 DoS attack Recognition",{"event_1":{"timestamp":1682586589.786995,"counter":324,"attributes":[["http2.header_length",4198119472]]},"event_2":{"timestamp":1682586589.786995,"counter":324,"attributes":[["http2.header_method",109]]}}
10,0,"",1682586589,97,"detected","attack","5G Http2 DoS attack Recognition",{"event_1":{"timestamp":1682586589.786998,"counter":325,"attributes":[["http2.header_length",4197414450]]},"event_2":{"timestamp":1682586589.786998,"counter":325,"attributes":[["http2.header_method",52]]}}
10,0,"",1682586589,97,"detected","attack","5G Http2 DoS attack Recognition",{"event_1":{"timestamp":1682586589.787001,"counter":326,"attributes":[["http2.header_length",4198602345]]},"event_2":{"timestamp":1682586589.787001,"counter":326,"attributes":[["http2.header_method",2]]}}
10,0,"",1682586589,97,"detected","attack","5G Http2 DoS attack Recognition",{"event_1":{"timestamp":1682586589.787004,"counter":327,"attributes":[["http2.header_length",4200688748]]},"event_2":{"timestamp":1682586589.787004,"counter":327,"attributes":[["http2.header_method",102]]}}
10,0,"",1682586589,97,"detected","attack","5G Http2 DoS attack Recognition",{"event_1":{"timestamp":1682586589.787007,"counter":328,"attributes":[["http2.header_length",4201214754]]},"event_2":{"timestamp":1682586589.787007,"counter":328,"attributes":[["http2.header_method",112]]}}
10,0,"",1682586589,97,"detected","attack","5G Http2 DoS attack Recognition",{"event_1":{"timestamp":1682586589.787010,"counter":329,"attributes":[["http2.header_length",4201000307]]},"event_2":{"timestamp":1682586589.787010,"counter":329,"attributes":[["http2.header_method",100]]}}
10,0,"",1682586589,97,"detected","attack","5G Http2 DoS attack Recognition",{"event_1":{"timestamp":1682586589.787013,"counter":330,"attributes":[["http2.header_length",4201002018]]},"event_2":{"timestamp":1682586589.787013,"counter":330,"attributes":[["http2.header_method",114]]}}
10,0,"",1682586589,97,"detected","attack","5G Http2 DoS attack Recognition",{"event_1":{"timestamp":1682586589.787016,"counter":331,"attributes":[["http2.header_length",4201213806]]},"event_2":{"timestamp":1682586589.787016,"counter":331,"attributes":[["http2.header_method",102]]}}
10,0,"",1682586589,97,"detected","attack","5G Http2 DoS attack Recognition",{"event_1":{"timestamp":1682586589.787017,"counter":332,"attributes":[["http2.header_length",2013265920]]},"event_2":{"timestamp":1682586589.787017,"counter":332,"attributes":[["http2.header_method",59]]}}
10,0,"",1682586589,97,"detected","attack","5G Http2 DoS attack Recognition",{"event_1":{"timestamp":1682586589.812987,"counter":339,"attributes":[["http2.header_length",4194304002]]},"event_2":{"timestamp":1682586589.812987,"counter":339,"attributes":[["http2.header_method",136]]}}
10,0,"",1682586589,97,"detected","attack","5G Http2 DoS attack Recognition",{"event_1":{"timestamp":1682586589.813237,"counter":340,"attributes":[["http2.header_length",338704432]]},"event_2":{"timestamp":1682586589.813237,"counter":340,"attributes":[["http2.header_method",115]]}}
10,0,"",1682586589,97,"detected","attack","5G Http2 DoS attack Recognition",{"event_1":{"timestamp":1682586589.813245,"counter":341,"attributes":[["http2.header_length",341991779]]},"event_2":{"timestamp":1682586589.813245,"counter":341,"attributes":[["http2.header_method",101]]}}
10,0,"",1682586589,97,"detected","attack","5G Http2 DoS attack Recognition",{"event_1":{"timestamp":1682586589.813252,"counter":342,"attributes":[["http2.header_length",338571574]]},"event_2":{"timestamp":1682586589.813252,"counter":342,"attributes":[["http2.header_method",58]]}}
10,0,"",1682586589,97,"detected","attack","5G Http2 DoS attack Recognition",{"event_1":{"timestamp":1682586589.813257,"counter":343,"attributes":[["http2.header_length",339358776]]},"event_2":{"timestamp":1682586589.813257,"counter":343,"attributes":[["http2.header_method",108]]}}
10,0,"",1682586589,97,"detected","attack","5G Http2 DoS attack Recognition",{"event_1":{"timestamp":1682586589.813262,"counter":344,"attributes":[["http2.header_length",337799284]]},"event_2":{"timestamp":1682586589.813262,"counter":344,"attributes":[["http2.header_method",55]]}}
10,0,"",1682586589,97,"detected","attack","5G Http2 DoS attack Recognition",{"event_1":{"timestamp":1682586589.813267,"counter":345,"attributes":[["http2.header_length",338768173]]},"event_2":{"timestamp":1682586589.813267,"counter":345,"attributes":[["http2.header_method",52]]}}
10,0,"",1682586589,97,"detected","attack","5G Http2 DoS attack Recognition",{"event_1":{"timestamp":1682586589.813617,"counter":348,"attributes":[["http2.header_length",335544320]]},"event_2":{"timestamp":1682586589.813617,"counter":348,"attributes":[["http2.header_method",172]]}}
10,0,"",1682586589,97,"detected","attack","5G Http2 DoS attack Recognition",{"event_1":{"timestamp":1682586589.813654,"counter":349,"attributes":[["http2.header_length",355544929]]},"event_2":{"timestamp":1682586589.813654,"counter":349,"attributes":[["http2.header_method",34]]}}
10,0,"",1682586589,97,"detected","attack","5G Http2 DoS attack Recognition",{"event_1":{"timestamp":1682586589.813677,"counter":350,"attributes":[["http2.header_length",359818611]]},"event_2":{"timestamp":1682586589.813677,"counter":350,"attributes":[["http2.header_method",48]]}}
10,0,"",1682586590,97,"detected","attack","5G Http2 DoS attack Recognition",{"event_1":{"timestamp":1682586589.813691,"counter":351,"attributes":[["http2.header_length",355480112]]},"event_2":{"timestamp":1682586589.813691,"counter":351,"attributes":[["http2.header_method",48]]}}
10,0,"",1682586590,97,"detected","attack","5G Http2 DoS attack Recognition",{"event_1":{"timestamp":1682586589.860437,"counter":360,"attributes":[["http2.header_length",353897216]]},"event_2":{"timestamp":1682586589.860437,"counter":360,"attributes":[["http2.header_method",209]]}}
10,0,"",1682586590,97,"detected","attack","5G Http2 DoS attack Recognition",{"event_1":{"timestamp":1682586589.929030,"counter":361,"attributes":[["http2.header_length",352321538]]},"event_2":{"timestamp":1682586589.929030,"counter":361,"attributes":[["http2.header_method",136]]}}
10,0,"",1682586590,97,"detected","attack","5G Http2 DoS attack Recognition",{"event_1":{"timestamp":1682586589.978830,"counter":362,"attributes":[["http2.header_length",2291662848]]},"event_2":{"timestamp":1682586589.978830,"counter":362,"attributes":[["http2.header_method",52]]}}
10,0,"",1682586590,97,"detected","attack","5G Http2 DoS attack Recognition",{"event_1":{"timestamp":1682586590.033768,"counter":363,"attributes":[["http2.header_length",3120562176]]},"event_2":{"timestamp":1682586590.033768,"counter":363,"attributes":[["http2.header_method",128]]}}
10,0,"",1682586590,97,"detected","attack","5G Http2 DoS attack Recognition",{"event_1":{"timestamp":1682586590.033811,"counter":364,"attributes":[["http2.header_length",4046676326]]},"event_2":{"timestamp":1682586590.033811,"counter":364,"attributes":[["http2.header_method",112]]}}
10,0,"",1682586590,97,"detected","attack","5G Http2 DoS attack Recognition",{"event_1":{"timestamp":1682586590.033816,"counter":365,"attributes":[["http2.header_length",4051055151]]},"event_2":{"timestamp":1682586590.033816,"counter":365,"attributes":[["http2.header_method",54]]}}
10,0,"",1682586590,97,"detected","attack","5G Http2 DoS attack Recognition",{"event_1":{"timestamp":1682586590.033820,"counter":366,"attributes":[["http2.header_length",4049811501]]},"event_2":{"timestamp":1682586590.033820,"counter":366,"attributes":[["http2.header_method",50]]}}
10,0,"",1682586590,97,"detected","attack","5G Http2 DoS attack Recognition",{"event_1":{"timestamp":1682586590.033824,"counter":367,"attributes":[["http2.header_length",4053270528]]},"event_2":{"timestamp":1682586590.033824,"counter":367,"attributes":[["http2.header_method",166]]}}
10,0,"",1682586590,97,"detected","attack","5G Http2 DoS attack Recognition",{"event_1":{"timestamp":1682586590.076270,"counter":368,"attributes":[["http2.header_length",4043309056]]},"event_2":{"timestamp":1682586590.076270,"counter":368,"attributes":[["http2.header_method",22]]}}
10,0,"",1682586590,97,"detected","attack","5G Http2 DoS attack Recognition",{"event_1":{"timestamp":1682586590.076307,"counter":369,"attributes":[["http2.header_length",456142702]]},"event_2":{"timestamp":1682586590.076307,"counter":369,"attributes":[["http2.header_method",109]]}}
10,0,"",1682586590,97,"detected","attack","5G Http2 DoS attack Recognition",{"event_1":{"timestamp":1682586590.076316,"counter":370,"attributes":[["http2.header_length",459487587]]},"event_2":{"timestamp":1682586590.076316,"counter":370,"attributes":[["http2.header_method",56]]}}
10,0,"",1682586590,97,"detected","attack","5G Http2 DoS attack Recognition",{"event_1":{"timestamp":1682586590.122628,"counter":371,"attributes":[["http2.header_length",479723520]]},"event_2":{"timestamp":1682586590.122628,"counter":371,"attributes":[["http2.header_method",63]]}}
10,0,"",1682586590,97,"detected","attack","5G Http2 DoS attack Recognition",{"event_1":{"timestamp":1682586590.182664,"counter":373,"attributes":[["http2.header_length",2251697717]]},"event_2":{"timestamp":1682586590.182664,"counter":373,"attributes":[["http2.header_method",48]]}}
10,0,"",1682586590,97,"detected","attack","5G Http2 DoS attack Recognition",{"event_1":{"timestamp":1682586590.182670,"counter":374,"attributes":[["http2.header_length",2250389042]]},"event_2":{"timestamp":1682586590.182670,"counter":374,"attributes":[["http2.header_method",45]]}}
10,0,"",1682586590,97,"detected","attack","5G Http2 DoS attack Recognition",{"event_1":{"timestamp":1682586590.226851,"counter":375,"attributes":[["http2.header_length",2258109952]]},"event_2":{"timestamp":1682586590.226851,"counter":375,"attributes":[["http2.header_method",136]]}}
10,0,"",1682586590,97,"detected","attack","5G Http2 DoS attack Recognition",{"event_1":{"timestamp":1682586590.286701,"counter":376,"attributes":[["http2.header_length",2248146946]]},"event_2":{"timestamp":1682586590.286701,"counter":376,"attributes":[["http2.header_method",136]]}}
10,0,"",1682586590,97,"detected","attack","5G Http2 DoS attack Recognition",{"event_1":{"timestamp":1682586590.286745,"counter":377,"attributes":[["http2.header_length",4002938880]]},"event_2":{"timestamp":1682586590.286745,"counter":377,"attributes":[["http2.header_method",123]]}}
10,0,"",1682586590,97,"detected","attack","5G Http2 DoS attack Recognition",{"event_1":{"timestamp":1682586590.329418,"counter":378,"attributes":[["http2.header_length",3999793153]]},"event_2":{"timestamp":1682586590.329418,"counter":378,"attributes":[["http2.header_method",192]]}}
10,0,"",1682586590,97,"detected","attack","5G Http2 DoS attack Recognition",{"event_1":{"timestamp":1682586590.329487,"counter":379,"attributes":[["http2.header_length",427062384]]},"event_2":{"timestamp":1682586590.329487,"counter":379,"attributes":[["http2.header_method",46]]}}
10,0,"",1682586590,97,"detected","attack","5G Http2 DoS attack Recognition",{"event_1":{"timestamp":1682586590.329495,"counter":380,"attributes":[["http2.header_length",426668916]]},"event_2":{"timestamp":1682586590.329495,"counter":380,"attributes":[["http2.header_method",34]]}}
10,0,"",1682586590,97,"detected","attack","5G Http2 DoS attack Recognition",{"event_1":{"timestamp":1682586590.375616,"counter":381,"attributes":[["http2.header_length",429391872]]},"event_2":{"timestamp":1682586590.375616,"counter":381,"attributes":[["http2.header_method",213]]}}
10,0,"",1682586590,97,"detected","attack","5G Http2 DoS attack Recognition",{"event_1":{"timestamp":1682586590.500097,"counter":382,"attributes":[["http2.header_length",419430400]]},"event_2":{"timestamp":1682586590.500097,"counter":382,"attributes":[["http2.header_method",32]]}}
10,0,"",1682586590,97,"detected","attack","5G Http2 DoS attack Recognition",{"event_1":{"timestamp":1682586590.500169,"counter":383,"attributes":[["http2.header_length",3278071125]]},"event_2":{"timestamp":1682586590.500169,"counter":383,"attributes":[["http2.header_method",34]]}}
10,0,"",1682586590,97,"detected","attack","5G Http2 DoS attack Recognition",{"event_1":{"timestamp":1682586590.500175,"counter":384,"attributes":[["http2.header_length",3271557376]]},"event_2":{"timestamp":1682586590.500175,"counter":384,"attributes":[["http2.header_method",102]]}}
10,0,"",1682586590,97,"detected","attack","5G Http2 DoS attack Recognition",{"event_1":{"timestamp":1682586590.507847,"counter":385,"attributes":[["http2.header_length",3281518592]]},"event_2":{"timestamp":1682586590.507847,"counter":385,"attributes":[["http2.header_method",65]]}}
10,0,"",1682586590,97,"detected","attack","5G Http2 DoS attack Recognition",{"event_1":{"timestamp":1682586590.578652,"counter":387,"attributes":[["http2.header_length",3271557376]]},"event_2":{"timestamp":1682586590.578652,"counter":387,"attributes":[["http2.header_method",102]]}}
10,0,"",1682586590,97,"detected","attack","5G Http2 DoS attack Recognition",{"event_1":{"timestamp":1682586590.578664,"counter":388,"attributes":[["http2.header_length",1409286144]]},"event_2":{"timestamp":1682586590.578664,"counter":388,"attributes":[["http2.header_method",59]]}}
10,0,"",1682586590,97,"detected","attack","5G Http2 DoS attack Recognition",{"event_1":{"timestamp":1682586590.677545,"counter":389,"attributes":[["http2.header_length",301989888]]},"event_2":{"timestamp":1682586590.677545,"counter":389,"attributes":[["http2.header_method",202]]}}
10,0,"",1682586590,97,"detected","attack","5G Http2 DoS attack Recognition",{"event_1":{"timestamp":1682586590.680080,"counter":390,"attributes":[["http2.header_length",1970564978]]},"event_2":{"timestamp":1682586590.680080,"counter":390,"attributes":[["http2.header_method",117]]}}
10,0,"",1682586590,97,"detected","attack","5G Http2 DoS attack Recognition",{"event_1":{"timestamp":1682586590.680089,"counter":391,"attributes":[["http2.header_length",1975455501]]},"event_2":{"timestamp":1682586590.680089,"counter":391,"attributes":[["http2.header_method",1]]}}
10,0,"",1682586590,97,"detected","attack","5G Http2 DoS attack Recognition",{"event_1":{"timestamp":1682586590.724639,"counter":392,"attributes":[["http2.header_length",1962934272]]},"event_2":{"timestamp":1682586590.724639,"counter":392,"attributes":[["http2.header_method",135]]}}
10,0,"",1682586591,97,"detected","attack","5G Http2 DoS attack Recognition",{"event_1":{"timestamp":1682586590.958609,"counter":393,"attributes":[["http2.header_length",2759092591]]},"event_2":{"timestamp":1682586590.958609,"counter":393,"attributes":[["http2.header_method",110]]}}
10,0,"",1682586591,97,"detected","attack","5G Http2 DoS attack Recognition",{"event_1":{"timestamp":1682586590.958623,"counter":394,"attributes":[["http2.header_length",2392326144]]},"event_2":{"timestamp":1682586590.958623,"counter":394,"attributes":[["http2.header_method",23]]}}
10,0,"",1682586591,97,"detected","attack","5G Http2 DoS attack Recognition",{"event_1":{"timestamp":1682586591.015934,"counter":395,"attributes":[["http2.header_length",2389208576]]},"event_2":{"timestamp":1682586591.015934,"counter":395,"attributes":[["http2.header_method",84]]}}
10,0,"",1682586591,97,"detected","attack","5G Http2 DoS attack Recognition",{"event_1":{"timestamp":1682586591.015982,"counter":396,"attributes":[["http2.header_length",3345178988]]},"event_2":{"timestamp":1682586591.015982,"counter":396,"attributes":[["http2.header_method",101]]}}
10,0,"",1682586591,97,"detected","attack","5G Http2 DoS attack Recognition",{"event_1":{"timestamp":1682586591.015987,"counter":397,"attributes":[["http2.header_length",3350606866]]},"event_2":{"timestamp":1682586591.015987,"counter":397,"attributes":[["http2.header_method",134]]}}
10,0,"",1682586591,97,"detected","attack","5G Http2 DoS attack Recognition",{"event_1":{"timestamp":1682586591.015993,"counter":398,"attributes":[["http2.header_length",3345904431]]},"event_2":{"timestamp":1682586591.015993,"counter":398,"attributes":[["http2.header_method",99]]}}
10,0,"",1682586591,97,"detected","attack","5G Http2 DoS attack Recognition",{"event_1":{"timestamp":1682586591.015997,"counter":399,"attributes":[["http2.header_length",3342885889]]},"event_2":{"timestamp":1682586591.015997,"counter":399,"attributes":[["http2.header_method",74]]}}
10,0,"",1682586591,97,"detected","attack","5G Http2 DoS attack Recognition",{"event_1":{"timestamp":1682586591.060572,"counter":400,"attributes":[["http2.header_length",3348627456]]},"event_2":{"timestamp":1682586591.060572,"counter":400,"attributes":[["http2.header_method",77]]}}
10,0,"",1682586591,97,"detected","attack","5G Http2 DoS attack Recognition",{"event_1":{"timestamp":1682586591.064378,"counter":401,"attributes":[["http2.header_length",3345481729]]},"event_2":{"timestamp":1682586591.064378,"counter":401,"attributes":[["http2.header_method",130]]}}
10,0,"",1682586591,97,"detected","attack","5G Http2 DoS attack Recognition",{"event_1":{"timestamp":1682586591.064407,"counter":402,"attributes":[["http2.header_length",4168316258]]},"event_2":{"timestamp":1682586591.064407,"counter":402,"attributes":[["http2.header_method",105]]}}
10,0,"",1682586591,97,"detected","attack","5G Http2 DoS attack Recognition",{"event_1":{"timestamp":1682586591.064413,"counter":403,"attributes":[["http2.header_length",4165552925]]},"event_2":{"timestamp":1682586591.064413,"counter":403,"attributes":[["http2.header_method",192]]}}
10,0,"",1682586591,97,"detected","attack","5G Http2 DoS attack Recognition",{"event_1":{"timestamp":1682586591.107142,"counter":404,"attributes":[["http2.header_length",4170711040]]},"event_2":{"timestamp":1682586591.107142,"counter":404,"attributes":[["http2.header_method",66]]}}
10,0,"",1682586591,97,"detected","attack","5G Http2 DoS attack Recognition",{"event_1":{"timestamp":1682586591.140988,"counter":405,"attributes":[["http2.header_length",4160749568]]},"event_2":{"timestamp":1682586591.140988,"counter":405,"attributes":[["http2.header_method",138]]}}
10,0,"",1682586591,97,"detected","attack","5G Http2 DoS attack Recognition",{"event_1":{"timestamp":1682586591.141022,"counter":406,"attributes":[["http2.header_length",1144008753]]},"event_2":{"timestamp":1682586591.141022,"counter":406,"attributes":[["http2.header_method",109]]}}
10,0,"",1682586591,97,"detected","attack","5G Http2 DoS attack Recognition",{"event_1":{"timestamp":1682586591.141027,"counter":407,"attributes":[["http2.header_length",1140865943]]},"event_2":{"timestamp":1682586591.141027,"counter":407,"attributes":[["http2.header_method",165]]}}
10,0,"",1682586591,97,"detected","attack","5G Http2 DoS attack Recognition",{"event_1":{"timestamp":1682586591.186119,"counter":408,"attributes":[["http2.header_length",1150812160]]},"event_2":{"timestamp":1682586591.186119,"counter":408,"attributes":[["http2.header_method",117]]}}
10,0,"",1682586591,97,"detected","attack","5G Http2 DoS attack Recognition",{"event_1":{"timestamp":1682586591.242917,"counter":410,"attributes":[["http2.header_length",2859019572]]},"event_2":{"timestamp":1682586591.242917,"counter":410,"attributes":[["http2.header_method",48]]}}
10,0,"",1682586591,97,"detected","attack","5G Http2 DoS attack Recognition",{"event_1":{"timestamp":1682586591.242923,"counter":411,"attributes":[["http2.header_length",2859753762]]},"event_2":{"timestamp":1682586591.242923,"counter":411,"attributes":[["http2.header_method",4]]}}
10,0,"",1682586591,97,"detected","attack","5G Http2 DoS attack Recognition",{"event_1":{"timestamp":1682586591.288393,"counter":412,"attributes":[["http2.header_length",2862088192]]},"event_2":{"timestamp":1682586591.288393,"counter":412,"attributes":[["http2.header_method",91]]}}
10,0,"",1682586591,97,"detected","attack","5G Http2 DoS attack Recognition",{"event_1":{"timestamp":1682586591.331114,"counter":413,"attributes":[["http2.header_length",2858942465]]},"event_2":{"timestamp":1682586591.331114,"counter":413,"attributes":[["http2.header_method",161]]}}
10,0,"",1682586591,97,"detected","attack","5G Http2 DoS attack Recognition",{"event_1":{"timestamp":1682586591.331185,"counter":414,"attributes":[["http2.header_length",36664882]]},"event_2":{"timestamp":1682586591.331185,"counter":414,"attributes":[["http2.header_method",109]]}}
10,0,"",1682586591,97,"detected","attack","5G Http2 DoS attack Recognition",{"event_1":{"timestamp":1682586591.331192,"counter":415,"attributes":[["http2.header_length",40250739]]},"event_2":{"timestamp":1682586591.331192,"counter":415,"attributes":[["http2.header_method",100]]}}
10,0,"",1682586591,97,"detected","attack","5G Http2 DoS attack Recognition",{"event_1":{"timestamp":1682586591.358380,"counter":416,"attributes":[["http2.header_length",43515904]]},"event_2":{"timestamp":1682586591.358380,"counter":416,"attributes":[["http2.header_method",180]]}}
10,0,"",1682586591,97,"detected","attack","5G Http2 DoS attack Recognition",{"event_1":{"timestamp":1682586591.412008,"counter":417,"attributes":[["http2.header_length",33554432]]},"event_2":{"timestamp":1682586591.412008,"counter":417,"attributes":[["http2.header_method",255]]}}
10,0,"",1682586591,97,"detected","attack","5G Http2 DoS attack Recognition",{"event_1":{"timestamp":1682586591.412081,"counter":418,"attributes":[["http2.header_length",1396191279]]},"event_2":{"timestamp":1682586591.412081,"counter":418,"attributes":[["http2.header_method",100]]}}
10,0,"",1682586591,97,"detected","attack","5G Http2 DoS attack Recognition",{"event_1":{"timestamp":1682586591.412087,"counter":419,"attributes":[["http2.header_length",1395667248]]},"event_2":{"timestamp":1682586591.412087,"counter":419,"attributes":[["http2.header_method",115]]}}
10,0,"",1682586591,97,"detected","attack","5G Http2 DoS attack Recognition",{"event_1":{"timestamp":1682586591.446657,"counter":420,"attributes":[["http2.header_length",1402470400]]},"event_2":{"timestamp":1682586591.446657,"counter":420,"attributes":[["http2.header_method",87]]}}
10,0,"",1682586591,97,"detected","attack","5G Http2 DoS attack Recognition",{"event_1":{"timestamp":1682586591.563544,"counter":422,"attributes":[["http2.header_length",3946196532]]},"event_2":{"timestamp":1682586591.563544,"counter":422,"attributes":[["http2.header_method",56]]}}
10,0,"",1682586591,97,"detected","attack","5G Http2 DoS attack Recognition",{"event_1":{"timestamp":1682586591.563549,"counter":423,"attributes":[["http2.header_length",3949818729]]},"event_2":{"timestamp":1682586591.563549,"counter":423,"attributes":[["http2.header_method",48]]}}
10,0,"",1682586591,97,"detected","attack","5G Http2 DoS attack Recognition",{"event_1":{"timestamp":1682586591.563554,"counter":424,"attributes":[["http2.header_length",3950277744]]},"event_2":{"timestamp":1682586591.563554,"counter":424,"attributes":[["http2.header_method",46]]}}
10,0,"",1682586591,97,"detected","attack","5G Http2 DoS attack Recognition",{"event_1":{"timestamp":1682586591.600607,"counter":425,"attributes":[["http2.header_length",3952607232]]},"event_2":{"timestamp":1682586591.600607,"counter":425,"attributes":[["http2.header_method",70]]}}
10,0,"",1682586591,97,"detected","attack","5G Http2 DoS attack Recognition",{"event_1":{"timestamp":1682586591.751965,"counter":427,"attributes":[["http2.header_length",2808376621]]},"event_2":{"timestamp":1682586591.751965,"counter":427,"attributes":[["http2.header_method",47]]}}
10,0,"",1682586591,97,"detected","attack","5G Http2 DoS attack Recognition",{"event_1":{"timestamp":1682586591.751971,"counter":428,"attributes":[["http2.header_length",2808505714]]},"event_2":{"timestamp":1682586591.751971,"counter":428,"attributes":[["http2.header_method",34]]}}
10,0,"",1682586591,97,"detected","attack","5G Http2 DoS attack Recognition",{"event_1":{"timestamp":1682586591.751975,"counter":429,"attributes":[["http2.header_length",2804823859]]},"event_2":{"timestamp":1682586591.751975,"counter":429,"attributes":[["http2.header_method",110]]}}
10,0,"",1682586591,97,"detected","attack","5G Http2 DoS attack Recognition",{"event_1":{"timestamp":1682586591.751980,"counter":430,"attributes":[["http2.header_length",2804048737]]},"event_2":{"timestamp":1682586591.751980,"counter":430,"attributes":[["http2.header_method",82]]}}
10,0,"",1682586591,97,"detected","attack","5G Http2 DoS attack Recognition",{"event_1":{"timestamp":1682586591.766971,"counter":431,"attributes":[["http2.header_length",2811756544]]},"event_2":{"timestamp":1682586591.766971,"counter":431,"attributes":[["http2.header_method",90]]}}
10,0,"",1682586591,97,"detected","attack","5G Http2 DoS attack Recognition",{"event_1":{"timestamp":1682586591.852067,"counter":432,"attributes":[["http2.header_length",2811756544]]},"event_2":{"timestamp":1682586591.852067,"counter":432,"attributes":[["http2.header_method",162]]}}
10,0,"",1682586591,97,"detected","attack","5G Http2 DoS attack Recognition",{"event_1":{"timestamp":1682586591.852076,"counter":433,"attributes":[["http2.header_length",3063414784]]},"event_2":{"timestamp":1682586591.852076,"counter":433,"attributes":[["http2.header_method",233]]}}
10,0,"",1682586591,97,"detected","attack","5G Http2 DoS attack Recognition",{"event_1":{"timestamp":1682586591.913766,"counter":434,"attributes":[["http2.header_length",191365888]]},"event_2":{"timestamp":1682586591.913766,"counter":434,"attributes":[["http2.header_method",84]]}}
